SampleID,SiteID,SiteType,SampleNote,Date,Time,Depth_m_bgs,DTW_m_bgs,Dist_m,Filter,SpC_uS_cm,pH,T_celsius,DO_mg_L,Alkalinity_mg_L_HCO3,F_mg_L,Cl_mg_L,SO4_mg_L,Br_mg_L,NO3_mg_L,Fe_T_mg_L,Fe_II_mg_L,Ag_fa_ug_L,Ag_ra_ug_L,Al_fa_ug_L,Al_ra_ug_L,As_fa_ug_L,As_ra_ug_L,Au_fa_ug_L,Au_ra_ug_L,B_fa_ug_L,B_ra_ug_L,Ba_fa_ug_L,Ba_ra_ug_L,Be_fa_ug_L,Be_ra_ug_L,Bi_fa_ug_L,Bi_ra_ug_L,Ca_fa_ug_L,Ca_ra_ug_L,Cd_fa_ug_L,Cd_ra_ug_L,Ce_fa_ug_L,Ce_ra_ug_L,Co_fa_ug_L,Co_ra_ug_L,Cr_fa_ug_L,Cr_ra_ug_L,Cs_fa_ug_L,Cs_ra_ug_L,Cu_fa_ug_L,Cu_ra_ug_L,Dy_fa_ug_L,Dy_ra_ug_L,Er_fa_ug_L,Er_ra_ug_L,Eu_fa_ug_L,Eu_ra_ug_L,Fe_fa_ug_L,Fe_ra_ug_L,Ga_fa_ug_L,Ga_ra_ug_L,Gd_fa_ug_L,Gd_ra_ug_L,Ge_fa_ug_L,Ge_ra_ug_L,Hf_fa_ug_L,Hf_ra_ug_L,Hg_fa_ug_L,Hg_ra_ug_L,Ho_fa_ug_L,Ho_ra_ug_L,In_fa_ug_L,In_ra_ug_L,K_fa_ug_L,K_ra_ug_L,La_fa_ug_L,La_ra_ug_L,Li_fa_ug_L,Li_ra_ug_L,Lu_fa_ug_L,Lu_ra_ug_L,Mg_fa_ug_L,Mg_ra_ug_L,Mn_fa_ug_L,Mn_ra_ug_L,Mo_fa_ug_L,Mo_ra_ug_L,Na_fa_ug_L,Na_ra_ug_L,Nb_fa_ug_L,Nb_ra_ug_L,Nd_fa_ug_L,Nd_ra_ug_L,Ni_fa_ug_L,Ni_ra_ug_L,P_fa_ug_L,P_ra_ug_L,Pb_fa_ug_L,Pb_ra_ug_L,Pr_fa_ug_L,Pr_ra_ug_L,Rb_fa_ug_L,Rb_ra_ug_L,Re_fa_ug_L,Re_ra_ug_L,S_fa_ug_L,S_ra_ug_L,Sb_fa_ug_L,Sb_ra_ug_L,Sc_fa_ug_L,Sc_ra_ug_L,Se_fa_ug_L,Se_ra_ug_L,Si_fa_ug_L,Si_ra_ug_L,Sm_fa_ug_L,Sm_ra_ug_L,Sn_fa_ug_L,Sn_ra_ug_L,Sr_fa_ug_L,Sr_ra_ug_L,Ta_fa_ug_L,Ta_ra_ug_L,Tb_fa_ug_L,Tb_ra_ug_L,Te_fa_ug_L,Te_ra_ug_L,Th_fa_ug_L,Th_ra_ug_L,Ti_fa_ug_L,Ti_ra_ug_L,Tl_fa_ug_L,Tl_ra_ug_L,Tm_fa_ug_L,Tm_ra_ug_L,U_fa_ug_L,U_ra_ug_L,V_fa_ug_L,V_ra_ug_L,W_fa_ug_L,W_ra_ug_L,Y_fa_ug_L,Y_ra_ug_L,Yb_fa_ug_L,Yb_ra_ug_L,Zn_fa_ug_L,Zn_ra_ug_L,Zr_fa_ug_L,Zr_ra_ug_L
PG24-P5,P5,Bedrock Well,-9999,8/6/2024,1450,35.7,18.85,-9999,syringe,137,7.16,7.2,2,40.7,0.153,0.462,17.7,0.008,0.009,-9999,-9999,-0.05,1.48,15,5050,-0.2,0.7,-0.01,-0.01,6,10,17.2,75.1,-0.007,0.135,-0.01,0.1,13900,14800,0.033,0.325,0.04,6.29,0.53,2.81,1.65,10.9,-0.1,0.6,1.1,19,-0.01,0.27,-0.01,0.14,-0.01,0.12,93,4630,-0.1,1.8,-0.01,0.44,-0.1,0.3,-0.1,-0.1,-0.01,-0.01,-0.01,0.05,-0.01,0.01,1160,2820,0.02,3.07,0.8,6.9,-0.1,-0.1,1850,3130,75.4,139,1.4,1.8,2300,2680,-0.01,0.73,0.02,2.8,6.7,14.6,6,131,-0.09,6.89,-0.01,0.72,0.9,17.7,-0.1,-0.1,5450,5800,-0.9,2.7,-0.1,1.1,-0.04,0.15,2900,10200,-0.1,0.54,0.11,0.68,58,67.3,-0.1,-0.1,-0.01,0.06,-0.1,-0.1,-0.1,1,0.2,241,-0.005,0.13,-0.01,0.01,0.35,0.824,0.16,9.2,2.6,7.39,0.02,1.23,-0.01,0.1,15,59,-2,-2
PG24-P8,P8,Bedrock Well,-9999,8/6/2024,1315,70.1,39.34,-9999,syringe,435,7.62,9,1.6,91.2,1.69,0.659,34.9,0.009,-0.005,-9999,-9999,-0.05,0.06,3,172,-0.2,-0.2,-0.01,-0.01,3,4,22.1,28.2,-0.007,0.047,-0.01,0.01,27400,27100,0.008,0.028,-0.01,0.39,0.019,0.127,-0.08,1.37,-0.1,-0.1,0.6,2.8,-0.01,0.08,-0.01,0.06,-0.01,0.02,13,1110,-0.1,-0.1,-0.01,0.06,-0.1,-0.1,-0.1,-0.1,-0.01,-0.01,-0.01,0.02,-0.01,-0.01,2140,2160,-0.01,0.23,3.7,5.8,-0.1,-0.1,4200,4260,48.4,105,5.2,5.3,7620,7450,-0.01,0.07,-0.01,0.2,0.3,1.4,-3,11,-0.09,0.62,-0.01,0.05,2,2.6,-0.1,-0.1,11100,11300,-0.9,1.8,0.1,0.3,-0.04,-0.04,8030,8310,-0.1,0.05,0.11,0.85,100,98.2,-0.1,-0.1,-0.01,-0.01,-0.1,-0.1,-0.1,0.5,-0.1,9.72,-0.005,-0.005,-0.01,-0.01,3.13,3.16,0.03,0.26,6.91,8.82,0.02,0.66,-0.01,0.05,2,6,-2,-2
PG24-P9A,P9A,Bedrock Well,-9999,7/31/2024,1215,70.1,17.25,-9999,capsule,350,7.37,14.6,1,72.5,0.469,2.45,96.3,0.009,-0.005,-9999,-9999,-0.05,2.62,30,5770,0.2,0.6,-0.01,-0.01,3,3,41.1,101,0.009,0.217,-0.01,0.2,24000,23700,-0.003,0.1,0.15,13.7,0.42,3.08,-0.08,9.56,-0.1,0.6,0.4,17.5,0.02,1.01,0.01,0.53,0.01,0.32,22,5450,-0.1,1.9,0.02,1.26,-0.1,0.4,-0.1,-0.1,-0.01,-0.01,-0.01,0.21,-0.01,0.06,1870,3850,0.08,5.94,1.9,4.7,-0.1,-0.1,3480,4800,112,150,4.4,4.7,33800,31800,-0.01,0.7,0.07,5.92,2.9,11.1,4,62,-0.09,5,0.02,1.53,1.6,17.9,-0.1,-0.1,32800,30800,-0.9,-0.9,0.1,1.8,0.11,0.22,6270,14300,-0.1,1.25,-0.06,0.37,167,179,-0.1,-0.1,-0.01,0.21,-0.1,-0.1,-0.1,3.6,0.7,265,0.006,0.097,-0.01,0.1,5.47,7.18,0.2,7.59,13.2,20.3,0.14,4.14,0.01,0.43,3,50,-2,-2
PG24-P9B,P9B,Bedrock Well,-9999,7/30/2024,1315,44.2,15.74,-9999,capsule,270,7.86,-9999,1.2,70.3,0.425,0.381,68.1,0.013,-0.005,-9999,-9999,-0.05,0.1,19,2280,-0.2,-0.2,-0.01,-0.01,2,3,37.4,51.2,-0.007,0.169,-0.01,0.05,34500,37000,-0.003,0.033,0.16,5.47,0.18,0.61,-0.08,1.11,-0.1,0.2,-0.2,1.5,-0.01,0.24,-0.01,0.1,-0.01,0.05,12,690,-0.1,0.8,-0.01,0.39,-0.1,0.1,-0.1,-0.1,-0.01,-0.01,-0.01,0.04,-0.01,-0.01,2040,2180,0.08,2.7,0.9,3.8,-0.1,-0.1,4630,5380,118,132,0.9,0.9,5480,5520,-0.01,0.1,0.08,2.4,0.6,1.8,-3,17,-0.09,1.76,0.02,0.63,2.4,4.1,-0.1,-0.1,22900,23100,-0.9,-0.9,0.1,0.5,-0.04,0.04,7160,11400,-0.1,0.47,-0.06,0.26,183,189,-0.1,-0.1,-0.01,0.05,-0.1,-0.1,-0.1,2.2,0.3,19.6,-0.005,0.01,-0.01,0.01,0.571,1.31,0.04,1.22,1.55,1.56,0.03,0.96,-0.01,0.1,-2,12,-2,-2
PG24-P9C,P9C,Bedrock Well,-9999,7/30/2024,1545,31.4,18.93,-9999,capsule,254,7.26,17.8,2.7,71.6,0.401,0.529,62.1,0.015,-0.005,-9999,-9999,-0.05,0.34,5,2250,-0.2,0.2,-0.01,-0.01,4,4,35.7,52,-0.007,0.127,-0.01,0.04,30900,34400,-0.003,0.027,0.04,5.07,0.67,0.963,0.31,1.56,-0.1,0.2,-0.2,2.8,-0.01,0.24,-0.01,0.11,-0.01,0.05,176,800,-0.1,0.7,-0.01,0.36,-0.1,0.1,-0.1,-0.1,-0.01,-0.01,-0.01,0.04,-0.01,-0.01,2050,2290,0.02,2.49,1.2,3.7,-0.1,-0.1,4270,5060,121,133,3.5,3.2,7820,7660,-0.01,0.16,0.02,2.2,10.8,10,-3,19,-0.09,1.41,-0.01,0.57,1.9,4.1,-0.1,-0.1,20600,21600,-0.9,-0.9,0.1,0.4,0.04,0.09,6820,11200,-0.1,0.44,0.09,0.36,171,187,-0.1,-0.1,-0.01,0.04,-0.1,-0.1,-0.1,1.8,-0.1,26.7,-0.005,0.014,-0.01,0.01,1.27,2.01,0.15,1.36,14.6,14.7,0.03,1.02,-0.01,0.1,2,9,-2,-2
PG24-P9D,P9D,Bedrock Well,-9999,7/31/2024,1015,18.9,9.74,-9999,capsule,63,6.33,16.3,7.8,21.8,0.099,0.613,10.4,-0.005,0.009,-9999,-9999,0.08,1.66,104,2890,-0.2,0.2,-0.01,-0.01,3,4,16,40,0.016,0.163,-0.01,0.09,5080,6350,0.028,0.04,0.51,9.08,0.34,1.06,0.22,3.36,-0.1,0.2,2.2,12.2,0.12,0.47,0.07,0.25,0.03,0.14,69,1800,-0.1,0.9,0.14,0.68,-0.1,0.2,-0.1,-0.1,-0.01,-0.01,0.03,0.09,-0.01,-0.01,1110,1840,0.29,3.6,0.5,2.4,-0.1,-0.1,1220,2070,9,24,-0.4,-0.4,3180,3430,0.01,0.2,0.5,3.38,2.9,5.8,4,38,-0.09,2.24,0.11,0.88,0.6,6.4,-0.1,-0.1,3010,-5000,-0.9,-0.9,0.1,1,0.11,0.2,6650,10700,0.1,0.67,-0.06,0.12,45,54.7,-0.1,-0.1,0.02,0.09,-0.1,-0.1,-0.1,1.7,2.9,55.2,0.006,0.046,0.01,0.03,0.259,1.73,0.24,3.31,5.69,6.62,0.66,2.15,0.07,0.21,5,14,-2,-2
PG24-P10A,P10A,Bedrock Well,-9999,7/29/2024,1515,51.8,11.22,-9999,syringe,270,7.6,8.9,1.4,67.3,0.308,0.38,68.8,0.014,-0.005,-9999,-9999,-0.05,0.4,3,891,-0.2,-0.2,-0.01,-0.01,2,3,36.7,44.3,-0.007,0.068,-0.01,0.02,32200,33200,0.004,0.152,0.01,2.96,0.3,0.609,-0.08,0.75,-0.1,0.1,-0.2,10.2,-0.01,0.11,-0.01,0.05,-0.01,0.04,45,623,-0.1,0.3,-0.01,0.2,-0.1,-0.1,-0.1,-0.1,-0.01,-0.01,-0.01,0.02,-0.01,-0.01,2350,2540,-0.01,1.44,1.1,2.2,-0.1,-0.1,4920,5340,144,149,0.8,0.7,5400,5610,-0.01,0.1,-0.01,1.28,0.6,1.2,-3,8,-0.09,0.92,-0.01,0.34,3.5,5.6,-0.1,-0.1,22600,23100,-0.9,-0.9,0.1,0.3,-0.04,-0.04,7500,9140,-0.1,0.24,0.23,0.34,134,145,-0.1,-0.1,-0.01,0.02,-0.1,-0.1,-0.1,1.2,-0.1,20.4,-0.005,0.018,-0.01,-0.01,0.534,0.822,0.03,0.74,3.41,3.89,-0.02,0.5,-0.01,0.04,3,10,-2,-2
PG24-P10B,P10B,Bedrock Well,-9999,7/30/2024,1015,30.5,11.48,-9999,capsule,426,7.76,11.7,2.8,69.1,0.305,4.99,89.6,0.012,-0.005,-9999,-9999,0.06,2.55,67,2370,0.7,0.7,-0.01,-0.01,5,5,24,41.9,0.01,0.128,-0.01,0.07,20200,20000,0.015,0.092,0.27,7.66,0.48,1.34,0.44,2.47,-0.1,0.2,0.4,8.3,0.01,0.31,-0.01,0.15,-0.01,0.08,67,1640,-0.1,0.8,0.02,0.5,-0.1,0.2,-0.1,-0.1,-0.01,-0.01,-0.01,0.06,-0.01,-0.01,2380,2900,0.12,3.19,4.4,5.4,-0.1,-0.1,2700,3210,90.3,133,6,4.8,45100,37000,0.01,0.26,0.11,2.92,2.4,4.5,3,24,0.1,2.56,0.03,0.75,1.2,5.9,-0.1,-0.1,34600,29000,-0.9,-0.9,-0.1,0.6,0.33,0.47,7200,10500,-0.1,0.57,0.52,0.43,161,157,-0.1,-0.1,-0.01,0.06,-0.1,-0.1,-0.1,2,2.5,55.7,-0.005,0.032,-0.01,0.02,8.96,9.54,0.36,2.33,31.6,34.8,0.06,1.34,-0.01,0.11,2,16,-2,-2
PG24-P10C,P10C,Bedrock Well,-9999,7/29/2024,1000,19.8,9.68,-9999,syringe,176,6.78,11.6,2.5,46.1,0.222,0.66,34.9,0.005,-0.005,-9999,-9999,-0.05,1.04,-1,2100,-0.2,0.2,-0.01,-0.01,2,3,21.8,36.3,-0.007,0.102,-0.01,0.05,16400,17900,0.045,0.066,0.01,4.64,0.46,0.912,-0.08,1.22,-0.1,0.2,0.5,6.4,-0.01,0.2,-0.01,0.09,-0.01,0.06,-7,948,-0.1,0.6,-0.01,0.31,-0.1,0.1,-0.1,-0.1,-0.01,-0.01,-0.01,0.04,-0.01,0.08,1860,2400,-0.01,2,0.8,2.3,-0.1,-0.1,3000,3680,61.3,70.9,1.4,1.6,5910,6420,-0.01,0.15,0.01,1.77,2.2,3.3,4,25,-0.09,1.49,-0.01,0.46,0.7,3.8,-0.1,-0.1,11300,12100,-0.9,-0.9,0.1,0.6,0.08,0.08,7170,11000,-0.1,0.34,0.79,21.8,109,119,-0.1,-0.1,-0.01,0.04,-0.1,-0.1,-0.1,1.5,-0.1,36.2,-0.005,0.021,-0.01,0.01,0.371,1.28,0.23,1.84,41.6,44.2,0.03,0.76,-0.01,0.08,8,22,-2,-2
PG24-P10D,P10D,Bedrock Well,-9999,7/29/2024,1245,11.3,9.68,-9999,syringe,70,6.55,5.8,8,16.6,0.106,0.425,14.7,-0.005,-0.005,-9999,-9999,-0.05,0.15,14,344,-0.2,-0.2,-0.01,-0.01,2,3,15.3,18.1,0.01,0.05,-0.01,0.01,5180,5500,0.063,0.054,0.09,1.12,0.28,0.339,-0.08,0.3,-0.1,-0.1,1.8,2.6,0.05,0.13,0.03,0.08,0.02,0.03,9,182,-0.1,-0.1,0.05,0.16,-0.1,-0.1,-0.1,-0.1,-0.01,-0.01,0.01,0.03,-0.01,-0.01,1330,1380,0.06,0.54,0.3,1.2,-0.1,-0.1,1370,1510,21.5,21.7,-0.4,-0.4,2940,2910,-0.01,0.05,0.16,0.62,1.1,1.2,-3,7,-0.09,0.36,0.03,0.15,0.9,1.3,-0.1,-0.1,4280,-5000,-0.9,-0.9,-0.1,0.2,0.06,0.05,6200,6710,-0.1,0.15,1.94,1.15,46.1,47.6,-0.1,-0.1,-0.01,0.02,-0.1,-0.1,-0.1,0.4,0.6,4.03,0.005,0.006,-0.01,-0.01,0.161,0.373,0.09,0.3,7.39,7.19,0.26,0.61,0.04,0.08,9,8,-2,-2
PG24-MW1,MW1,Streambank Well,-9999,8/2/2024,1500,1.3,0.85,55,syringe,54,6.79,12.6,7.6,17.3,0.108,0.319,10.3,-0.005,0.008,-9999,-9999,-0.05,0.91,11,3580,-0.2,0.4,-0.01,-0.01,3,4,9.04,42.8,-0.007,0.109,-0.01,0.25,4310,4850,0.26,0.573,0.21,13.1,82.1,86.6,0.17,3.71,-0.1,0.3,21.3,45.5,0.04,0.56,0.02,0.31,0.01,0.14,14,3300,-0.1,1.3,0.05,0.75,-0.1,0.2,-0.1,-0.1,-0.01,0.04,-0.01,0.1,-0.01,0.01,602,1530,0.21,3.86,0.4,1.9,-0.1,-0.1,1090,1720,4.78,72.4,0.8,1.7,2460,2870,-0.01,0.36,0.23,3.91,12.4,16.7,-3,63,-0.09,7.56,0.06,1,0.5,7.6,-0.1,-0.1,3030,-5000,-0.9,-0.9,-0.1,0.9,0.04,0.1,5890,11500,-0.1,0.78,0.12,2.05,36.5,43.2,-0.1,-0.1,-0.01,0.1,-0.1,-0.1,-0.1,1.5,0.1,82.3,-0.005,0.052,-0.01,0.04,0.04,0.506,0.04,3.5,0.17,1.27,0.25,2.3,0.03,0.31,9,16,-2,-2
-9999,MW1,Streambank Well,Field parameters measured downhole near bottom of well screen,10/11/2024,1345,1.3,-9999,55,-9999,72,-9999,6.4,7.6,-9999,-9999,-9999,-9999,-9999,-9999,-9999,-9999,-9999,-9999,-9999,-9999,-9999,-9999,-9999,-9999,-9999,-9999,-9999,-9999,-9999,-9999,-9999,-9999,-9999,-9999,-9999,-9999,-9999,-9999,-9999,-9999,-9999,-9999,-9999,-9999,-9999,-9999,-9999,-9999,-9999,-9999,-9999,-9999,-9999,-9999,-9999,-9999,-9999,-9999,-9999,-9999,-9999,-9999,-9999,-9999,-9999,-9999,-9999,-9999,-9999,-9999,-9999,-9999,-9999,-9999,-9999,-9999,-9999,-9999,-9999,-9999,-9999,-9999,-9999,-9999,-9999,-9999,-9999,-9999,-9999,-9999,-9999,-9999,-9999,-9999,-9999,-9999,-9999,-9999,-9999,-9999,-9999,-9999,-9999,-9999,-9999,-9999,-9999,-9999,-9999,-9999,-9999,-9999,-9999,-9999,-9999,-9999,-9999,-9999,-9999,-9999,-9999,-9999,-9999,-9999,-9999,-9999,-9999,-9999,-9999,-9999,-9999,-9999,-9999,-9999,-9999,-9999,-9999,-9999,-9999,-9999,-9999,-9999,-9999,-9999
PG24-MW2,MW2,Streambank Well,-9999,8/2/2024,1045,1,0.13,215,syringe,64,7,6.8,6.2,18.2,0.102,0.283,12.3,-0.005,-0.005,-9999,-9999,-0.05,-0.05,4,240,-0.2,-0.2,-0.01,-0.01,3,4,12.9,16.3,-0.007,0.01,-0.01,0.01,6040,5940,0.021,0.033,0.04,1.16,6.47,6.38,-0.08,0.41,-0.1,-0.1,2,4.1,0.01,0.04,-0.01,0.03,-0.01,0.02,-7,279,-0.1,0.1,0.01,0.07,-0.1,-0.1,-0.1,-0.1,-0.01,-0.01,-0.01,-0.01,-0.01,-0.01,598,628,0.05,0.4,0.3,0.5,-0.1,-0.1,1360,1320,0.79,6.62,0.4,0.4,2650,2540,-0.01,0.03,0.06,0.4,1.3,1.5,-3,6,-0.09,0.73,0.02,0.1,0.1,0.6,-0.1,-0.1,4450,-5000,-0.9,-0.9,-0.1,0.2,0.05,0.05,5720,6450,-0.1,0.08,-0.06,0.34,47,44.1,-0.1,-0.1,-0.01,-0.01,-0.1,-0.1,-0.1,0.2,0.1,5.53,-0.005,-0.005,-0.01,-0.01,0.011,0.044,0.02,0.26,0.06,0.11,0.07,0.24,-0.01,0.03,3,3,-2,-2
-9999,MW2,Streambank Well,Field parameters measured downhole near bottom of well screen,10/11/2024,1410,1,-9999,215,-9999,28,-9999,5.1,6.9,-9999,-9999,-9999,-9999,-9999,-9999,-9999,-9999,-9999,-9999,-9999,-9999,-9999,-9999,-9999,-9999,-9999,-9999,-9999,-9999,-9999,-9999,-9999,-9999,-9999,-9999,-9999,-9999,-9999,-9999,-9999,-9999,-9999,-9999,-9999,-9999,-9999,-9999,-9999,-9999,-9999,-9999,-9999,-9999,-9999,-9999,-9999,-9999,-9999,-9999,-9999,-9999,-9999,-9999,-9999,-9999,-9999,-9999,-9999,-9999,-9999,-9999,-9999,-9999,-9999,-9999,-9999,-9999,-9999,-9999,-9999,-9999,-9999,-9999,-9999,-9999,-9999,-9999,-9999,-9999,-9999,-9999,-9999,-9999,-9999,-9999,-9999,-9999,-9999,-9999,-9999,-9999,-9999,-9999,-9999,-9999,-9999,-9999,-9999,-9999,-9999,-9999,-9999,-9999,-9999,-9999,-9999,-9999,-9999,-9999,-9999,-9999,-9999,-9999,-9999,-9999,-9999,-9999,-9999,-9999,-9999,-9999,-9999,-9999,-9999,-9999,-9999,-9999,-9999,-9999,-9999,-9999,-9999,-9999,-9999,-9999
PG24-MW3,MW3,Streambank Well,-9999,8/1/2024,1400,1.4,0.1,393,syringe,582,6.05,9.6,0.7,-6.1,0.597,0.922,240,0.012,-0.005,-9999,-9999,-0.05,0.39,384,2520,-0.2,0.4,-0.01,-0.01,4,4,28.6,47.4,0.11,0.192,-0.01,0.12,60000,62300,0.61,0.871,3.08,11.9,110,112,0.2,6.42,-0.1,0.1,24.4,67.2,0.18,0.65,0.1,0.35,0.06,0.18,18500,25600,-0.1,0.9,0.28,0.9,0.5,0.7,-0.1,-0.1,-0.01,-0.01,0.04,0.12,-0.01,0.01,4170,4740,1.18,3.97,3.3,3.6,-0.1,-0.1,11500,12100,1700,1739,1,3.1,6860,7260,-0.01,0.26,1.16,4.31,21.8,27.3,-3,63,0.21,7.08,0.28,1.1,4.5,8.8,-0.1,-0.1,79900,83300,-0.9,-0.9,0.2,1,0.05,0.12,12200,14900,0.2,0.89,-0.06,1.93,365,376,-0.1,-0.1,0.04,0.12,-0.1,-0.1,0.2,3.5,0.3,59.4,0.008,0.037,0.02,0.05,1.03,2.36,0.15,2.59,0.06,1.22,0.97,2.78,0.1,0.32,156,155,-2,-2
PG24-MW3-2,MW3,Streambank Well,-9999,10/10/2024,1545,1.4,0.09,393,syringe,500,5.59,6.5,1.1,-1,1.02,0.32,276,0.13,-0.05,-9999,-9999,-0.05,-0.05,547,699,-0.2,0.3,-0.01,-0.01,3,3,24.1,27,0.22,0.24,-0.01,0.01,55900,54400,1.95,1.88,3.31,4.13,300,297,0.15,0.59,-0.1,-0.1,82.9,88.5,0.23,0.27,0.11,0.12,0.07,0.07,14500,14800,-0.1,0.2,0.28,0.32,0.5,0.7,-0.1,-0.1,0.01,-0.01,0.04,0.06,-0.01,-0.01,2030,1990,1.34,1.54,3.1,3,-0.1,-0.1,11200,11400,1560,1490,-0.4,0.6,7690,7880,0.02,0.03,1.24,1.46,59,60.8,-3,10,0.39,1.1,0.3,0.38,3.7,4.2,-0.1,-0.1,74900,75800,-0.9,-0.9,0.5,0.3,-0.04,-0.04,13200,12700,0.2,0.31,-0.06,0.45,296,303,-0.1,-0.1,0.04,0.04,-0.1,-0.1,0.2,0.3,0.2,5.5,0.012,0.011,0.01,0.02,1.45,1.5,0.07,0.33,-0.02,0.1,1.19,1.35,0.09,0.12,407,430,-2,-2
-9999,MW3,Streambank Well,Field parameters measured downhole near bottom of well screen,10/11/2024,1440,1.4,-9999,393,-9999,196,-9999,6.1,0.4,-9999,-9999,-9999,-9999,-9999,-9999,-9999,-9999,-9999,-9999,-9999,-9999,-9999,-9999,-9999,-9999,-9999,-9999,-9999,-9999,-9999,-9999,-9999,-9999,-9999,-9999,-9999,-9999,-9999,-9999,-9999,-9999,-9999,-9999,-9999,-9999,-9999,-9999,-9999,-9999,-9999,-9999,-9999,-9999,-9999,-9999,-9999,-9999,-9999,-9999,-9999,-9999,-9999,-9999,-9999,-9999,-9999,-9999,-9999,-9999,-9999,-9999,-9999,-9999,-9999,-9999,-9999,-9999,-9999,-9999,-9999,-9999,-9999,-9999,-9999,-9999,-9999,-9999,-9999,-9999,-9999,-9999,-9999,-9999,-9999,-9999,-9999,-9999,-9999,-9999,-9999,-9999,-9999,-9999,-9999,-9999,-9999,-9999,-9999,-9999,-9999,-9999,-9999,-9999,-9999,-9999,-9999,-9999,-9999,-9999,-9999,-9999,-9999,-9999,-9999,-9999,-9999,-9999,-9999,-9999,-9999,-9999,-9999,-9999,-9999,-9999,-9999,-9999,-9999,-9999,-9999,-9999,-9999,-9999,-9999,-9999
PG24-MW4,MW4,Streambank Well,-9999,8/1/2024,1115,1.6,0.54,548,syringe,393,4.76,9.3,4.9,-6.1,1.14,0.312,158,-0.005,-0.005,-9999,-9999,-0.05,-0.05,1550,1740,-0.2,-0.2,-0.01,-0.01,3,3,16.4,16.5,0.5,0.438,-0.01,0.01,41100,42000,1.76,1.71,2.01,2.34,1.55,1.72,0.1,0.2,-0.1,-0.1,27.3,26.1,0.41,0.46,0.2,0.24,0.12,0.13,7,74,-0.1,-0.1,0.54,0.58,-0.1,-0.1,-0.1,-0.1,-0.01,-0.01,0.08,0.08,-0.01,-0.01,1300,1340,3.03,3.18,4.2,5,-0.1,-0.1,7670,7900,229,233,-0.4,-0.4,5100,5270,-0.01,-0.01,2.24,2.6,12.7,12.5,-3,-3,0.36,0.8,0.63,0.66,2.1,2.4,-0.1,-0.1,52300,54700,-0.9,-0.9,0.1,0.2,0.04,0.08,11000,10600,0.5,0.52,-0.06,0.12,270,263,-0.1,-0.1,0.08,0.08,-0.1,-0.1,-0.1,0.2,-0.1,1.34,-0.005,-0.005,0.02,0.03,2.43,2.67,0.01,0.06,0.03,0.06,2.48,2.53,0.15,0.17,309,279,-2,-2
PG24-MW4-2,MW4,Streambank Well,-9999,10/10/2024,1640,1.6,0.56,548,syringe,448,4.74,5.9,6.4,1.8,1.18,0.36,237,2.45,-0.05,-9999,-9999,-0.05,-0.05,1480,1530,-0.2,0.3,-0.01,-0.01,3,3,22.6,24.2,0.63,0.64,-0.01,0.03,53300,51900,4.21,4.29,2.61,2.87,0.94,1.41,-0.08,0.52,-0.1,-0.1,41.2,41.4,0.51,0.54,0.24,0.23,0.14,0.13,31,170,-0.1,0.2,0.6,0.65,0.1,0.2,-0.1,-0.1,-0.01,-0.01,0.09,0.09,-0.01,-0.01,1610,1600,3.4,3.52,5.2,5,-0.1,-0.1,10200,10000,531,549,-0.4,-0.4,7950,8130,0.02,0.02,2.79,2.9,35,36,-3,10,0.27,1.11,0.7,0.74,2.7,2.9,0.1,-0.1,65400,65400,-0.9,-0.9,0.4,0.4,-0.04,-0.04,13300,12800,0.5,0.51,-0.06,0.23,278,282,-0.1,-0.1,0.1,0.1,-0.1,-0.1,-0.1,-0.1,-0.1,2.6,-0.005,0.011,0.03,0.03,2.65,2.57,0.01,0.1,-0.02,0.03,2.93,2.99,0.19,0.21,1020,1070,-2,-2
-9999,MW4,Streambank Well,Field parameters measured downhole near bottom of well screen,10/11/2024,1455,1.6,-9999,548,-9999,172,-9999,5.8,6.3,-9999,-9999,-9999,-9999,-9999,-9999,-9999,-9999,-9999,-9999,-9999,-9999,-9999,-9999,-9999,-9999,-9999,-9999,-9999,-9999,-9999,-9999,-9999,-9999,-9999,-9999,-9999,-9999,-9999,-9999,-9999,-9999,-9999,-9999,-9999,-9999,-9999,-9999,-9999,-9999,-9999,-9999,-9999,-9999,-9999,-9999,-9999,-9999,-9999,-9999,-9999,-9999,-9999,-9999,-9999,-9999,-9999,-9999,-9999,-9999,-9999,-9999,-9999,-9999,-9999,-9999,-9999,-9999,-9999,-9999,-9999,-9999,-9999,-9999,-9999,-9999,-9999,-9999,-9999,-9999,-9999,-9999,-9999,-9999,-9999,-9999,-9999,-9999,-9999,-9999,-9999,-9999,-9999,-9999,-9999,-9999,-9999,-9999,-9999,-9999,-9999,-9999,-9999,-9999,-9999,-9999,-9999,-9999,-9999,-9999,-9999,-9999,-9999,-9999,-9999,-9999,-9999,-9999,-9999,-9999,-9999,-9999,-9999,-9999,-9999,-9999,-9999,-9999,-9999,-9999,-9999,-9999,-9999,-9999,-9999,-9999
PG24-MW5,MW5,Streambank Well,-9999,8/1/2024,945,1.3,0.3,647,syringe,336,5.67,8.4,1.8,3,0.73,0.315,130,0.006,0.013,-9999,-9999,-0.05,0.29,647,1430,-0.2,-0.2,-0.01,-0.01,3,3,28.1,32,0.38,0.38,-0.01,0.03,33900,33900,2.42,2.54,1.61,2.88,52,51.8,-0.08,2.11,-0.1,-0.1,48.2,53.6,0.18,0.25,0.09,0.14,0.05,0.06,1300,2200,-0.1,0.3,0.22,0.31,-0.1,0.1,-0.1,-0.1,-0.01,-0.01,0.04,0.05,0.02,-0.01,1440,1560,1.36,1.93,3.3,4.2,-0.1,-0.1,6420,6600,684,668,-0.4,-0.4,4720,4860,-0.01,0.1,0.78,1.28,26.4,27.7,-3,11,0.15,1.02,0.22,0.34,2.3,3.4,-0.1,-0.1,43000,43600,-0.9,-0.9,0.2,0.4,-0.04,0.05,10200,10700,0.1,0.25,-0.06,0.73,215,216,-0.1,-0.1,0.04,0.04,-0.1,-0.1,-0.1,0.4,0.1,31.7,-0.005,0.009,0.02,0.02,0.679,0.899,0.02,1.03,0.02,0.1,1.18,1.57,0.08,0.11,489,446,-2,-2
PG24-MW5R,MW5,Streambank Well,Field replicate of PG24-MW5,8/1/2024,945,1.3,0.3,647,syringe,336,5.67,8.4,1.8,2.5,0.725,0.323,131,0.008,0.012,-9999,-9999,-0.05,0.37,624,1460,-0.2,-0.2,-0.01,-0.01,3,4,28.2,35.9,0.34,0.39,-0.01,0.04,34500,36600,2.48,2.57,1.59,2.9,52,54.4,-0.08,1.98,-0.1,-0.1,46.2,53,0.16,0.24,0.09,0.15,0.04,0.06,1460,2770,-0.1,0.3,0.21,0.31,-0.1,0.1,-0.1,-0.1,-0.01,0.02,0.03,0.05,-0.01,-0.01,1430,1600,1.34,1.89,3.4,4.3,-0.1,-0.1,6520,7080,689,724,-0.4,-0.4,4750,5120,-0.01,0.1,0.77,1.26,26.5,28.2,-3,11,0.12,1.13,0.21,0.34,2.2,3.7,-0.1,-0.1,44000,45900,-0.9,-0.9,0.2,0.4,-0.04,0.05,10100,11400,0.1,0.26,-0.06,0.71,221,228,-0.1,-0.1,0.03,0.04,-0.1,-0.1,-0.1,0.4,0.1,31.2,-0.005,0.011,0.01,0.02,0.655,0.895,0.03,1.03,-0.02,0.11,1.2,1.54,0.06,0.11,493,467,-2,-2
PG24-MW5-2,MW5,Streambank Well,-9999,10/11/2024,1225,1.3,0.3,647,syringe,434,5.96,6.1,2.2,-1,1.29,0.35,227,1.28,0.05,-9999,-9999,-0.05,-0.05,655,660,-0.2,-0.2,-0.01,-0.01,3,3,32.6,34.2,0.29,0.28,-0.01,-0.01,52100,51400,2.3,2.44,1.85,1.78,21.2,20.8,-0.08,0.7,-0.1,-0.1,23.3,24,0.21,0.2,0.11,0.11,0.05,0.04,3360,3420,-0.1,-0.1,0.26,0.2,0.1,0.2,-0.1,-0.1,0.03,0.03,0.04,0.03,-0.01,-0.01,1720,1710,1.57,1.53,4.1,3.9,-0.1,-0.1,10200,10300,968,999,-0.4,-0.4,7310,7320,0.02,0.01,1,1.03,21,22.7,-3,-3,-0.09,0.16,0.26,0.26,2.6,2.6,0.1,0.2,63900,64200,-0.9,-0.9,0.4,0.3,-0.04,0.06,12700,12200,0.2,0.22,-0.06,0.06,278,281,-0.1,-0.1,0.04,0.03,-0.1,-0.1,-0.1,-0.1,0.1,0.23,0.007,-0.005,0.01,0.02,0.81,0.73,0.03,0.06,-0.02,-0.02,1.46,1.47,0.09,0.09,532,557,-2,-2
-9999,MW5,Streambank Well,Field parameters measured downhole near bottom of well screen,10/11/2024,1515,1.3,-9999,647,-9999,228,-9999,5.8,5,-9999,-9999,-9999,-9999,-9999,-9999,-9999,-9999,-9999,-9999,-9999,-9999,-9999,-9999,-9999,-9999,-9999,-9999,-9999,-9999,-9999,-9999,-9999,-9999,-9999,-9999,-9999,-9999,-9999,-9999,-9999,-9999,-9999,-9999,-9999,-9999,-9999,-9999,-9999,-9999,-9999,-9999,-9999,-9999,-9999,-9999,-9999,-9999,-9999,-9999,-9999,-9999,-9999,-9999,-9999,-9999,-9999,-9999,-9999,-9999,-9999,-9999,-9999,-9999,-9999,-9999,-9999,-9999,-9999,-9999,-9999,-9999,-9999,-9999,-9999,-9999,-9999,-9999,-9999,-9999,-9999,-9999,-9999,-9999,-9999,-9999,-9999,-9999,-9999,-9999,-9999,-9999,-9999,-9999,-9999,-9999,-9999,-9999,-9999,-9999,-9999,-9999,-9999,-9999,-9999,-9999,-9999,-9999,-9999,-9999,-9999,-9999,-9999,-9999,-9999,-9999,-9999,-9999,-9999,-9999,-9999,-9999,-9999,-9999,-9999,-9999,-9999,-9999,-9999,-9999,-9999,-9999,-9999,-9999,-9999,-9999
PG24-SMW1,SMW1,Spring Well,-9999,8/1/2024,1515,0.7,0,315,syringe,138,6.64,5.3,7.2,14.6,0.185,0.387,40.8,0.005,0.021,-9999,-9999,-0.05,-0.05,26,54,-0.2,-0.2,-0.01,-0.01,3,3,20.8,20.8,0.018,0.021,-0.01,-0.01,12500,12900,0.23,0.215,0.01,0.11,0.07,0.084,0.3,0.28,-0.1,-0.1,0.7,0.7,0.03,0.04,0.02,0.03,0.01,0.02,7,33,-0.1,-0.1,0.04,0.06,-0.1,-0.1,-0.1,-0.1,-0.01,-0.01,-0.01,0.01,-0.01,-0.01,1040,1130,0.14,0.19,0.5,1.1,-0.1,-0.1,2920,3060,1.33,1.36,0.4,0.4,2970,3020,-0.01,-0.01,0.16,0.23,2.2,2.1,5,8,-0.09,-0.09,0.04,0.05,0.1,0.2,-0.1,-0.1,13400,14000,-0.9,-0.9,-0.1,0.1,0.04,0.05,6300,6410,-0.1,0.06,-0.06,-0.06,83.7,86.2,-0.1,-0.1,-0.01,-0.01,-0.1,-0.1,-0.1,-0.1,-0.1,1.08,-0.005,-0.005,-0.01,-0.01,0.029,0.04,0.11,0.16,-0.02,0.02,0.24,0.29,0.02,0.03,52,50,-2,-2
PG24-SMW1R,SMW1,Spring Well,Field replicate of PG24-SMW1,8/1/2024,1515,0.7,0,315,syringe,138,6.64,5.3,7.2,15.8,0.179,0.385,40.8,0.006,0.019,-9999,-9999,-0.05,-0.05,28,71,-0.2,-0.2,-0.01,-0.01,3,3,20.8,21.7,0.026,0.02,-0.01,-0.01,12500,12800,0.21,0.212,-0.01,0.14,0.046,0.074,0.25,0.35,-0.1,-0.1,0.7,0.9,0.03,0.05,0.02,0.03,0.01,0.02,-7,47,-0.1,-0.1,0.03,0.06,-0.1,-0.1,-0.1,-0.1,-0.01,-0.01,-0.01,0.01,-0.01,-0.01,1040,1120,0.13,0.21,0.5,0.3,-0.1,-0.1,2990,3070,1.47,1.71,0.4,0.4,2980,3040,0.01,0.04,0.16,0.24,2.1,2.1,10,10,-0.09,-0.09,0.04,0.06,-0.1,0.2,-0.1,-0.1,13800,14200,-0.9,-0.9,-0.1,0.1,0.06,0.04,6310,6480,-0.1,0.06,-0.06,0.08,84.6,86.8,-0.1,-0.1,-0.01,-0.01,-0.1,-0.1,-0.1,-0.1,0.1,1.41,-0.005,-0.005,-0.01,-0.01,0.024,0.044,0.1,0.18,-0.02,0.04,0.23,0.34,0.02,0.04,51,48,-2,-2
-9999,SMW1,Spring Well,Field parameters measured downhole near bottom of well screen,10/11/2024,1425,0.7,-9999,315,-9999,183,-9999,5,3.5,-9999,-9999,-9999,-9999,-9999,-9999,-9999,-9999,-9999,-9999,-9999,-9999,-9999,-9999,-9999,-9999,-9999,-9999,-9999,-9999,-9999,-9999,-9999,-9999,-9999,-9999,-9999,-9999,-9999,-9999,-9999,-9999,-9999,-9999,-9999,-9999,-9999,-9999,-9999,-9999,-9999,-9999,-9999,-9999,-9999,-9999,-9999,-9999,-9999,-9999,-9999,-9999,-9999,-9999,-9999,-9999,-9999,-9999,-9999,-9999,-9999,-9999,-9999,-9999,-9999,-9999,-9999,-9999,-9999,-9999,-9999,-9999,-9999,-9999,-9999,-9999,-9999,-9999,-9999,-9999,-9999,-9999,-9999,-9999,-9999,-9999,-9999,-9999,-9999,-9999,-9999,-9999,-9999,-9999,-9999,-9999,-9999,-9999,-9999,-9999,-9999,-9999,-9999,-9999,-9999,-9999,-9999,-9999,-9999,-9999,-9999,-9999,-9999,-9999,-9999,-9999,-9999,-9999,-9999,-9999,-9999,-9999,-9999,-9999,-9999,-9999,-9999,-9999,-9999,-9999,-9999,-9999,-9999,-9999,-9999,-9999
PG24-SMW2,SMW2,Spring Well,-9999,8/2/2024,915,0.5,0,253,syringe,62,6.59,6,3.6,16.1,0.107,0.274,12.1,0.006,0.009,-9999,-9999,-0.05,-0.05,21,144,-0.2,-0.2,-0.01,-0.01,4,4,11.4,12.7,0.013,0.014,-0.01,0.05,5120,5730,0.022,0.032,0.1,0.43,0.054,0.117,0.2,0.49,-0.1,-0.1,1.9,2.5,0.04,0.08,0.03,0.05,0.01,0.02,33,239,-0.1,-0.1,0.06,0.1,-0.1,-0.1,-0.1,-0.1,-0.01,0.03,0.01,0.02,-0.01,-0.01,591,658,0.16,0.38,0.3,0.2,-0.1,-0.1,1380,1470,2.41,3.95,0.5,0.6,2190,2290,-0.01,0.03,0.23,0.42,0.8,1.1,10,23,0.19,1.26,0.05,0.1,0.1,0.4,-0.1,-0.1,3660,-5000,-0.9,-0.9,-0.1,0.1,0.04,0.11,5940,6330,-0.1,0.1,-0.06,0.09,38.5,41.2,-0.1,-0.1,-0.01,0.01,-0.1,-0.1,-0.1,-0.1,0.5,4.73,-0.005,-0.005,-0.01,-0.01,0.036,0.077,0.1,0.29,-0.02,0.06,0.31,0.48,0.03,0.05,3,3,-2,-2
PG24-SMW3,SMW3,Spring Well,-9999,8/2/2024,1230,1,0,192,syringe,63,6.68,4.9,6.9,15.4,0.102,0.335,12.4,-0.005,0.023,-9999,-9999,-0.05,-0.05,2,26,-0.2,-0.2,-0.01,-0.01,3,3,13.1,13.6,-0.007,0.008,-0.01,0.03,5190,5280,0.012,0.014,-0.01,0.11,0.032,0.046,0.13,0.17,-0.1,-0.1,0.9,1.2,0.06,0.1,0.04,0.06,0.01,0.02,-7,74,-0.1,-0.1,0.06,0.1,-0.1,-0.1,-0.1,-0.1,-0.01,-0.01,0.01,0.02,-0.01,-0.01,614,616,0.15,0.32,0.3,-0.1,-0.1,-0.1,1200,1230,0.53,0.64,0.5,0.5,2420,2370,-0.01,0.02,0.23,0.44,0.3,0.4,9,10,-0.09,0.28,0.05,0.1,-0.1,0.1,-0.1,-0.1,3880,-5000,-0.9,-0.9,0.1,0.2,0.06,0.08,5670,5650,-0.1,0.1,-0.06,0.08,39.8,40.6,-0.1,-0.1,-0.01,0.02,-0.1,-0.1,-0.1,0.1,-0.1,0.87,-0.005,-0.005,-0.01,-0.01,0.034,0.062,0.09,0.15,-0.02,0.06,0.35,0.54,0.04,0.06,4,4,-2,-2
-9999,SMW3,Spring Well,Field parameters measured downhole near bottom of well screen,10/11/2024,1355,1,-9999,192,-9999,40,-9999,4.9,5.9,-9999,-9999,-9999,-9999,-9999,-9999,-9999,-9999,-9999,-9999,-9999,-9999,-9999,-9999,-9999,-9999,-9999,-9999,-9999,-9999,-9999,-9999,-9999,-9999,-9999,-9999,-9999,-9999,-9999,-9999,-9999,-9999,-9999,-9999,-9999,-9999,-9999,-9999,-9999,-9999,-9999,-9999,-9999,-9999,-9999,-9999,-9999,-9999,-9999,-9999,-9999,-9999,-9999,-9999,-9999,-9999,-9999,-9999,-9999,-9999,-9999,-9999,-9999,-9999,-9999,-9999,-9999,-9999,-9999,-9999,-9999,-9999,-9999,-9999,-9999,-9999,-9999,-9999,-9999,-9999,-9999,-9999,-9999,-9999,-9999,-9999,-9999,-9999,-9999,-9999,-9999,-9999,-9999,-9999,-9999,-9999,-9999,-9999,-9999,-9999,-9999,-9999,-9999,-9999,-9999,-9999,-9999,-9999,-9999,-9999,-9999,-9999,-9999,-9999,-9999,-9999,-9999,-9999,-9999,-9999,-9999,-9999,-9999,-9999,-9999,-9999,-9999,-9999,-9999,-9999,-9999,-9999,-9999,-9999,-9999,-9999
PG24-RBS1,RBS1,Spring,-9999,8/6/2024,900,-9999,-9999,464,syringe,62,7.09,5,8.8,20.1,0.115,0.615,9.07,0.006,-0.005,-9999,-9999,-0.05,-0.05,9,306,-0.2,-0.2,-0.01,0.01,3,3,10.4,13.3,-0.007,0.02,-0.01,0.02,5350,5690,0.009,0.032,0.05,0.79,0.027,0.095,0.15,0.7,-0.1,-0.1,0.4,1.4,0.03,0.23,0.02,0.16,-0.01,0.04,18,249,-0.1,0.1,0.04,0.24,-0.1,-0.1,-0.1,-0.1,-0.01,-0.01,-0.01,0.05,-0.01,-0.01,993,1130,0.07,0.78,0.4,0.2,-0.1,-0.1,1080,1140,1.2,3.67,0.4,0.6,2280,2300,-0.01,0.03,0.1,1,0.3,0.7,10,22,-0.09,0.7,0.02,0.23,0.1,0.5,-0.1,-0.1,2640,-5000,-0.9,-0.9,-0.1,0.2,0.11,0.12,5470,5830,-0.1,0.24,-0.06,-0.06,31.3,32.7,-0.1,-0.1,-0.01,0.04,-0.1,-0.1,-0.1,0.1,0.2,5.25,-0.005,-0.005,-0.01,0.02,0.044,0.29,0.14,0.5,-0.02,0.02,0.19,1.29,0.02,0.16,-2,-2,-2,-2
PG24-RBS2,RBS2,Spring,-9999,8/6/2024,1040,-9999,-9999,300,syringe,65,6.81,3.6,8.1,17.3,0.106,0.339,12.1,0.005,0.021,-9999,-9999,-0.05,-0.05,2,13,-0.2,-0.2,-0.01,-0.01,3,3,13.4,13.5,0.012,-0.007,-0.01,-0.01,5550,5790,0.013,0.009,-0.01,0.06,0.019,0.023,0.16,0.17,-0.1,-0.1,0.4,0.5,0.06,0.08,0.04,0.06,0.02,0.02,-7,11,-0.1,-0.1,0.08,0.09,-0.1,-0.1,-0.1,-0.1,-0.01,-0.01,0.01,0.02,-0.01,-0.01,624,641,0.21,0.24,0.3,-0.1,-0.1,-0.1,1200,1280,0.38,0.22,-0.4,-0.4,2380,2460,-0.01,0.01,0.34,0.37,0.3,0.4,6,6,-0.09,-0.09,0.07,0.08,-0.1,-0.1,-0.1,-0.1,3650,-5000,-0.9,-0.9,-0.1,0.1,0.04,0.06,5470,5550,-0.1,0.09,-0.06,-0.06,40.3,42,-0.1,-0.1,0.01,0.01,-0.1,-0.1,-0.1,-0.1,-0.1,0.69,-0.005,-0.005,-0.01,-0.01,0.058,0.069,0.05,0.07,-0.02,-0.02,0.41,0.45,0.05,0.06,2,-2,-2,-2
PG24-PTL1,PTL1,Portal Drainage,-9999,7/31/2024,1500,-9999,-9999,-9999,syringe,771,3.73,8.6,5.9,-6.1,1.67,0.363,333,0.006,0.008,-9999,-9999,-0.05,-0.05,5190,5240,-0.2,0.2,-0.01,-0.01,2,2,15.7,15.2,1.64,1.46,-0.01,0.01,73700,74200,7.5,7.22,18.2,19,79.5,77.6,1.03,1.84,-0.1,-0.1,173,173,1.57,1.69,0.69,0.78,0.51,0.51,5150,10500,0.3,0.4,2.24,2.31,0.4,0.5,-0.1,-0.1,-0.01,-0.01,0.27,0.3,-0.01,-0.01,1930,1910,8.42,8.48,7.7,6.7,-0.1,-0.1,14600,14800,2830,2820,-0.4,2.7,7920,8060,-0.01,0.01,8.72,9.4,53.9,52.3,-3,14,11,13.3,2.28,2.36,5.1,5.6,0.2,0.2,109000,112000,-0.9,-0.9,1.3,1.5,-0.04,0.14,14800,14100,2,2.22,-0.06,-0.06,445,434,-0.1,-0.1,0.31,0.33,-0.1,-0.1,3.3,6.8,0.1,0.42,0.012,0.008,0.09,0.1,18.4,21.2,0.01,0.04,-0.02,2.82,7.08,7.35,0.59,0.68,1730,1580,-2,-2
-9999,PTL1,Portal Drainage,-9999,10/11/2024,1535,-9999,-9999,-9999,-9999,519,-9999,7.3,5.8,-9999,-9999,-9999,-9999,-9999,-9999,-9999,-9999,-9999,-9999,-9999,-9999,-9999,-9999,-9999,-9999,-9999,-9999,-9999,-9999,-9999,-9999,-9999,-9999,-9999,-9999,-9999,-9999,-9999,-9999,-9999,-9999,-9999,-9999,-9999,-9999,-9999,-9999,-9999,-9999,-9999,-9999,-9999,-9999,-9999,-9999,-9999,-9999,-9999,-9999,-9999,-9999,-9999,-9999,-9999,-9999,-9999,-9999,-9999,-9999,-9999,-9999,-9999,-9999,-9999,-9999,-9999,-9999,-9999,-9999,-9999,-9999,-9999,-9999,-9999,-9999,-9999,-9999,-9999,-9999,-9999,-9999,-9999,-9999,-9999,-9999,-9999,-9999,-9999,-9999,-9999,-9999,-9999,-9999,-9999,-9999,-9999,-9999,-9999,-9999,-9999,-9999,-9999,-9999,-9999,-9999,-9999,-9999,-9999,-9999,-9999,-9999,-9999,-9999,-9999,-9999,-9999,-9999,-9999,-9999,-9999,-9999,-9999,-9999,-9999,-9999,-9999,-9999,-9999,-9999,-9999,-9999,-9999,-9999,-9999,-9999
PG24-PTL2,PTL2-GG393,LBI,-9999,8/5/2024,1015,-9999,-9999,393,syringe,785,3.83,10.6,8,-6.1,1.66,0.352,332,0.005,-0.005,-9999,-9999,-0.05,-0.05,4970,4640,-0.2,-0.2,-0.01,-0.01,2,2,15.7,14.3,1.52,1.3,-0.01,-0.01,74500,71000,6.93,6.49,18.7,17.9,76.4,67.9,0.67,2.06,-0.1,-0.1,154,146,1.6,1.62,0.72,0.72,0.52,0.5,3570,5810,0.2,0.3,2.3,2.14,0.3,0.4,-0.1,-0.1,-0.01,-0.01,0.27,0.27,-0.01,-0.01,1940,1820,8.83,8.09,7.8,7,-0.1,-0.1,14200,13500,2840,2570,-0.4,1.4,7980,7480,-0.01,-0.01,8.98,8.8,51.5,46.6,-3,4,10.2,11,2.32,2.18,5,5.1,0.1,0.1,107000,102000,-0.9,-0.9,1.2,1.4,-0.04,0.12,15200,13400,2,2.07,-0.06,0.08,439,419,-0.1,-0.1,0.32,0.32,-0.1,-0.1,2.8,4.8,0.1,0.25,0.009,0.01,0.09,0.1,17,18.4,0.01,0.02,-0.02,1.52,6.89,6.56,0.6,0.59,1650,1400,-2,-2
GG-393,PTL2-GG393,LBI,-9999,10/11/2024,1135,-9999,-9999,393,syringe,533,5.7,8.1,-9999,0.9,1.56,0.3,301,-0.05,-0.05,3.22,3.17,-0.05,-0.05,1140,1890,-0.2,0.3,-0.01,-0.01,3,3,15.5,15.4,0.77,0.83,-0.01,0.01,70100,65500,3.74,3.62,8.32,8.19,46.5,46.4,-0.08,1.18,-0.1,-0.1,62.9,69.5,0.72,0.74,0.31,0.32,0.22,0.21,3250,5410,0.2,0.3,0.92,0.87,0.2,0.4,-0.1,-0.1,-0.01,-0.01,0.12,0.12,-0.01,-0.01,2000,1870,4.06,3.89,7.6,6.9,-0.1,-0.1,12700,12900,2200,2230,-0.4,2.4,8930,8920,-0.01,-0.01,4.04,3.91,33,33.7,-3,10,0.68,4.31,0.99,1.01,5.2,5.6,0.2,-0.1,88600,87700,-0.9,-0.9,0.6,0.7,-0.04,-0.04,16100,14800,0.8,0.74,-0.06,0.08,359,373,-0.1,-0.1,0.14,0.14,-0.1,-0.1,-0.1,1.5,-0.1,0.24,0.014,0.011,0.04,0.03,5.43,6.61,-0.01,0.04,-0.02,2.11,3.36,3.48,0.25,0.23,941,996,-2,-2
GG-327,GG-0327,LBI,-9999,10/11/2024,1150,-9999,-9999,327,syringe,147,6.51,5,-9999,16.8,0.16,0.35,48.3,0.18,-0.05,-9999,-9999,-0.05,-0.05,19,40,-0.2,-0.2,-0.01,-0.01,3,4,24.3,24.7,0.024,0.01,-0.01,-0.01,16000,15400,0.25,0.25,-0.01,0.03,0.026,0.05,0.21,0.55,-0.1,-0.1,0.3,1,0.02,0.02,0.01,0.02,-0.01,0.01,10,70,-0.1,-0.1,0.02,0.03,-0.1,-0.1,-0.1,0.1,-0.01,-0.01,-0.01,-0.01,-0.01,-0.01,1180,1140,0.06,0.11,0.4,0.4,-0.1,-0.1,3650,3790,4.12,5.82,0.5,0.5,3620,3600,0.08,0.11,0.07,0.1,2.6,12.9,-3,10,-0.09,0.13,0.02,0.03,0.1,0.1,-0.1,-0.1,16200,17700,-0.9,-0.9,0.2,0.3,0.04,0.09,7640,7330,-0.1,0.03,-0.06,0.11,99.1,101,-0.1,-0.1,-0.01,0.01,-0.1,-0.1,-0.1,-0.1,-0.1,0.73,0.008,0.011,-0.01,-0.01,0.017,0.02,0.08,0.19,0.03,0.06,0.14,0.18,0.01,0.03,67,79,-2,-2
GG-WP206,GG-1010,LBI,-9999,10/11/2024,1350,-9999,-9999,1010,syringe,396,6.78,6.5,-9999,11.8,0.21,0.46,164,-0.05,-0.05,-9999,-9999,-0.05,-0.05,17,97,-0.2,-0.2,-0.01,-0.01,4,4,44,46.6,0.036,0.03,-0.01,0.01,49200,48900,0.75,0.89,0.02,0.21,0.027,0.07,0.34,0.91,-0.1,-0.1,1,2.1,0.06,0.08,0.04,0.04,0.02,0.02,-7,110,-0.1,-0.1,0.06,0.08,-0.1,-0.1,-0.1,-0.1,-0.01,-0.01,0.01,0.02,-0.01,-0.01,2300,2270,0.39,0.56,1.2,1.2,-0.1,-0.1,11400,11600,2.65,4.75,-0.4,-0.4,6990,7220,0.02,0.06,0.26,0.38,8.1,9.2,-3,-3,-0.09,0.29,0.06,0.1,0.2,0.4,-0.1,0.1,59200,60600,-0.9,-0.9,0.3,0.2,0.04,-0.04,11400,10600,-0.1,0.08,-0.06,0.08,271,275,-0.1,-0.1,0.01,0.02,-0.1,-0.1,-0.1,-0.1,0.1,4.28,0.01,0.011,-0.01,0.01,0.084,0.1,0.1,0.21,-0.02,0.04,0.56,0.81,0.03,0.06,167,184,-2,-2
GG-307,GG-0307,RBI,-9999,10/11/2024,1155,-9999,-9999,307,syringe,62.1,6.85,3.8,-9999,18.7,0.07,0.33,11.3,-0.05,-0.05,-9999,-9999,-0.05,-0.05,2,25,-0.2,0.2,-0.01,-0.01,3,4,14.9,15.2,0.008,0.01,-0.01,-0.01,6350,6690,0.007,0.02,0.01,0.22,0.019,0.04,0.1,0.13,-0.1,-0.1,0.2,0.6,0.03,0.04,0.03,0.03,-0.01,0.01,-7,20,-0.1,-0.1,0.03,0.07,-0.1,-0.1,-0.1,-0.1,-0.01,-0.01,-0.01,0.01,-0.01,-0.01,704,680,0.08,0.39,0.3,0.2,-0.1,-0.1,1390,1390,0.62,1.31,-0.4,0.4,2640,2650,0.05,0.07,0.14,0.2,0.3,0.4,-3,10,-0.09,0.12,0.03,0.05,0.1,0.1,-0.1,-0.1,-5000,6880,-0.9,-0.9,0.2,0.2,0.05,0.1,6700,6080,-0.1,0.06,-0.06,0.08,44.3,45.3,-0.1,-0.1,-0.01,0.01,-0.1,0.2,-0.1,-0.1,-0.1,0.47,-0.005,0.011,-0.01,0.01,0.031,0.04,0.06,0.16,0.02,-0.02,0.21,0.36,0.03,0.03,-2,10,-2,-2
GG-500 RBI,GG-0500,RBI,-9999,10/11/2024,1415,-9999,-9999,500,syringe,60.9,7.22,6.2,-9999,19.8,0.13,0.36,9.8,-0.05,-0.05,-9999,-9999,-0.05,-0.05,2,26,-0.2,-0.2,-0.01,-0.01,3,4,10.3,12,-0.007,-0.007,-0.01,-0.01,6130,5850,0.015,0.03,0.03,0.15,0.07,0.18,0.12,0.31,-0.1,-0.1,0.4,1.6,-0.01,0.01,-0.01,0.01,-0.01,-0.01,39,280,-0.1,-0.1,0.01,0.02,-0.1,-0.1,-0.1,-0.1,-0.01,-0.01,-0.01,-0.01,-0.01,-0.01,823,800,0.02,0.06,0.4,0.4,-0.1,-0.1,1250,1230,5.11,14,-0.4,0.4,2610,2590,-0.01,0.02,0.03,0.09,0.1,0.4,-3,-3,-0.09,0.34,-0.01,0.02,0.2,0.4,-0.1,-0.1,-5000,-5000,-0.9,-0.9,0.2,-0.1,-0.04,-0.04,6340,6290,-0.1,0.03,-0.06,0.1,34,36,-0.1,-0.1,-0.01,0.01,-0.1,-0.1,-0.1,-0.1,-0.1,0.35,0.007,-0.005,-0.01,-0.01,0.034,0.06,0.04,0.09,0.02,0.03,0.06,0.13,-0.01,0.01,-2,66,-2,-2
PG24-STR1,STR1,Stream,-9999,8/5/2024,1145,-9999,-9999,20,syringe,102,7.27,8.9,8.4,16.7,0.088,0.248,10.1,-0.005,-0.005,-9999,-9999,-0.05,-0.05,10,24,-0.2,-0.2,-0.01,-0.01,3,3,10.7,10.9,0.01,-0.007,-0.01,-0.01,4540,4760,0.012,0.008,0.11,0.19,0.04,0.037,0.08,0.1,-0.1,-0.1,0.7,0.8,0.03,0.04,0.02,0.03,-0.01,-0.01,24,41,-0.1,-0.1,0.03,0.03,-0.1,-0.1,-0.1,-0.1,-0.01,-0.01,-0.01,-0.01,-0.01,-0.01,533,553,0.11,0.14,0.4,0.5,-0.1,-0.1,1030,1100,2.64,2.93,0.7,0.7,2360,2480,-0.01,-0.01,0.14,0.17,0.2,0.3,-3,6,-0.09,0.12,0.03,0.04,0.2,0.2,-0.1,-0.1,2770,-5000,-0.9,-0.9,-0.1,0.1,0.06,0.05,5710,5970,-0.1,0.04,-0.06,0.08,38,39.6,-0.1,-0.1,-0.01,-0.01,-0.1,-0.1,-0.1,0.1,0.1,0.6,-0.005,-0.005,-0.01,-0.01,0.06,0.051,0.07,0.08,0.02,0.04,0.17,0.2,0.03,0.03,2,3,-2,-2
GG-20 STR1,STR1,Stream,-9999,10/11/2024,1312,-9999,-9999,20,syringe,52.2,7.01,5.7,-9999,16.6,0.07,0.31,9.3,-0.05,-0.05,-9999,-9999,-0.05,-0.05,5,38,-0.2,0.2,-0.01,-0.01,3,3,11.1,9.86,-0.007,0.01,-0.01,-0.01,4870,3830,0.007,0.02,0.04,0.07,0.021,0.01,-0.08,0.18,-0.1,-0.1,0.6,0.8,0.02,0.02,0.01,-0.01,-0.01,-0.01,7,20,-0.1,-0.1,0.01,0.01,-0.1,-0.1,-0.1,-0.1,-0.01,-0.01,-0.01,-0.01,-0.01,-0.01,691,580,0.05,0.06,0.2,0.2,-0.1,-0.1,1110,926,0.53,1.19,0.7,0.7,2620,2210,0.02,0.02,0.07,0.07,0.2,0.3,-3,20,-0.09,0.15,0.02,0.02,0.3,0.3,-0.1,-0.1,-5000,-5000,-0.9,-0.9,0.2,-0.1,-0.04,0.05,6800,5190,-0.1,0.02,-0.06,0.07,39.4,33.4,-0.1,-0.1,-0.01,-0.01,-0.1,-0.1,-0.1,-0.1,-0.1,0.37,0.011,0.011,-0.01,0.01,0.02,0.02,0.05,0.03,-0.02,0.03,0.09,0.08,0.02,0.01,-2,21,-2,-2
PG24-STR2,STR2,Stream,-9999,8/5/2024,1125,-9999,-9999,126,syringe,56,7.27,9,8.3,14.6,0.089,0.26,10.1,-0.005,-0.005,-9999,-9999,-0.05,-0.05,10,25,-0.2,-0.2,-0.01,-0.01,3,3,10.7,11.5,-0.007,-0.007,-0.01,-0.01,4650,4870,0.009,0.007,0.1,0.18,0.034,0.041,0.12,0.13,-0.1,-0.1,0.8,0.9,0.02,0.03,0.02,0.02,-0.01,-0.01,19,41,-0.1,-0.1,0.03,0.04,-0.1,-0.1,-0.1,-0.1,-0.01,-0.01,-0.01,-0.01,-0.01,-0.01,536,569,0.1,0.14,0.4,0.2,-0.1,-0.1,1060,1130,1.75,2.18,0.7,0.8,2420,2580,-0.01,-0.01,0.12,0.17,0.2,0.3,-3,6,-0.09,0.11,0.03,0.04,0.2,0.2,-0.1,-0.1,3020,-5000,-0.9,-0.9,0.1,0.1,0.04,0.07,5800,6000,-0.1,0.04,-0.06,-0.06,38.5,41.1,-0.1,-0.1,-0.01,-0.01,-0.1,-0.1,-0.1,-0.1,0.1,0.71,-0.005,-0.005,-0.01,-0.01,0.036,0.04,0.06,0.08,0.02,0.04,0.16,0.21,0.02,0.03,2,4,-2,-2
PG24-STR3,STR3,Stream,-9999,8/5/2024,1050,-9999,-9999,338,syringe,77,7.02,8.2,8.3,15.7,0.108,0.29,16.9,-0.005,-0.005,-9999,-9999,-0.05,-0.05,9,18,-0.2,-0.2,-0.01,-0.01,3,3,13.7,13.2,-0.007,0.007,-0.01,-0.01,6400,6480,0.036,0.034,0.07,0.11,0.041,0.034,0.14,0.24,-0.1,-0.1,0.7,0.8,0.02,0.03,0.02,0.02,-0.01,-0.01,24,40,-0.1,-0.1,0.03,0.04,-0.1,-0.1,-0.1,-0.1,-0.01,-0.01,-0.01,-0.01,-0.01,-0.01,652,647,0.09,0.12,0.4,-0.1,-0.1,-0.1,1490,1560,1.79,2.04,0.6,0.5,2540,2560,-0.01,-0.01,0.12,0.14,0.6,0.5,3,6,-0.09,-0.09,0.03,0.03,0.2,0.2,-0.1,-0.1,5250,5540,-0.9,-0.9,-0.1,0.1,0.04,-0.04,5960,5870,-0.1,0.03,-0.06,-0.06,48.7,48.3,-0.1,-0.1,-0.01,-0.01,-0.1,-0.1,-0.1,-0.1,-0.1,0.38,-0.005,-0.005,-0.01,-0.01,0.026,0.033,0.07,0.07,-0.02,0.02,0.15,0.18,0.02,0.02,10,9,-2,-2
PG24-STR4,STR4,Stream,-9999,8/5/2024,940,-9999,-9999,474,syringe,454,4.88,-9999,8.3,-6.1,0.812,0.31,165,-0.005,0.005,-9999,-9999,-0.05,-0.05,2360,2530,-0.2,-0.2,-0.01,-0.01,3,3,15,15.3,0.74,0.708,-0.01,-0.01,39600,41800,3.44,3.37,8.55,9.38,36.6,35.9,0.24,0.64,-0.1,-0.1,75,75,0.74,0.8,0.32,0.38,0.25,0.26,1380,2980,0.1,0.2,1.05,1.14,0.1,0.2,-0.1,-0.1,-0.01,-0.01,0.13,0.14,-0.01,-0.01,1270,1340,4.18,4.24,4,3.6,-0.1,-0.1,7750,7930,1360,1378,-0.4,1,5220,5340,-0.01,-0.01,4.14,4.5,25.6,25.5,-3,6,4.08,5.71,1.07,1.17,2.6,2.8,-0.1,-0.1,54300,57800,-0.9,-0.9,0.5,0.7,-0.04,0.08,10300,10500,0.9,1.04,-0.06,-0.06,239,251,-0.1,-0.1,0.14,0.16,-0.1,-0.1,0.4,2.1,-0.1,0.41,0.005,0.005,0.04,0.05,7.75,9.15,-0.01,0.04,-0.02,0.75,3.4,3.58,0.26,0.33,761,740,-2,-2
PG24-STR5,STR5,Stream,-9999,8/5/2024,900,-9999,-9999,596,syringe,579,4.87,8.6,8.4,-6.1,0.804,0.323,164,-0.005,0.005,-9999,-9999,-0.05,-0.05,2240,2390,-0.2,-0.2,-0.01,-0.01,3,3,15.4,14.6,0.77,0.697,-0.01,-0.01,39800,40600,3.26,3.22,8.26,8.65,35,33.3,0.23,0.56,-0.1,-0.1,72,70.2,0.71,0.75,0.33,0.37,0.23,0.22,1210,2630,0.1,0.2,1.02,1.04,0.1,0.2,-0.1,-0.1,-0.01,-0.01,0.13,0.14,-0.01,-0.01,1280,1350,4.12,4.08,4,3.6,-0.1,-0.1,7660,7780,1310,1300,-0.4,0.8,5260,5190,-0.01,-0.01,4.03,4.23,25.5,24.4,-3,3,3.64,5.08,1.04,1.05,2.5,2.7,-0.1,-0.1,54300,55500,-0.9,-0.9,0.5,0.7,0.04,0.07,10400,10100,0.9,0.97,-0.06,-0.06,235,237,-0.1,-0.1,0.14,0.15,-0.1,-0.1,0.3,2,-0.1,0.44,0.006,-0.005,0.04,0.05,7.27,8.42,-0.01,0.04,-0.02,0.68,3.32,3.39,0.28,0.31,741,710,-2,-2
PG24-STR6,STR6,Stream,-9999,8/5/2024,830,-9999,-9999,695,syringe,417,4.81,8.5,8.5,-6.1,0.8,0.321,164,-0.005,0.005,-9999,-9999,-0.05,-0.05,2240,2370,-0.2,-0.2,-0.01,-0.01,3,3,15.1,15.3,0.71,0.709,-0.01,-0.01,39600,41300,3.44,3.33,7.8,8.68,34.3,33.1,0.2,0.6,-0.1,-0.1,71.9,70.3,0.69,0.76,0.32,0.38,0.21,0.23,1130,2730,0.1,0.2,0.96,1.06,0.1,0.2,-0.1,-0.1,-0.01,-0.01,0.12,0.14,-0.01,-0.01,1280,1320,3.91,4.11,3.8,3.7,-0.1,-0.1,7660,7920,1310,1276,-0.4,1,5230,5260,-0.01,-0.01,3.82,4.24,25.3,24.4,-3,3,3.38,5.01,1,1.05,2.5,2.7,-0.1,-0.1,53700,55900,-0.9,-0.9,0.4,0.6,0.04,0.09,10200,10300,0.8,0.98,-0.06,-0.06,237,246,-0.1,-0.1,0.13,0.15,-0.1,-0.1,0.2,2,-0.1,0.89,-0.005,-0.005,0.04,0.05,7.04,7.88,-0.01,0.06,-0.02,0.69,3.24,3.46,0.25,0.31,739,722,-2,-2
GG-695,STR6,Stream,-9999,10/11/2024,1100,-9999,-9999,695,syringe,423,6.01,6.4,-9999,1.9,1.37,0.32,229,4.58,-0.05,-9999,-9999,-0.05,-0.05,534,1320,-0.2,-0.2,-0.01,-0.01,3,4,17.1,16.8,0.5,0.57,-0.01,-0.01,51500,51200,2.62,2.48,4.99,5.28,29.1,29.9,-0.08,0.38,-0.1,-0.1,37.1,46.3,0.45,0.49,0.2,0.2,0.12,0.17,1570,3090,0.1,0.2,0.54,0.65,0.1,0.2,-0.1,-0.1,-0.01,0.01,0.08,0.09,-0.01,-0.01,1660,1640,2.8,2.92,5.2,4.8,-0.1,-0.1,9880,10100,1410,1390,-0.4,1.3,8140,8520,0.01,0.01,2.48,2.7,23,24.9,-3,20,0.2,2.78,0.63,0.71,3.5,3.6,-0.1,-0.1,62600,65600,-0.9,-0.9,0.4,0.4,-0.04,0.04,13100,12300,0.5,0.56,-0.06,0.09,273,281,-0.1,-0.1,0.09,0.1,-0.1,-0.1,-0.1,0.9,-0.1,0.25,0.006,0.011,0.03,0.03,2.58,3.89,-0.01,0.07,0.02,1.22,2.36,2.48,0.14,0.19,655,720,-2,-2
GG-250A,GG-0250,Stream,-9999,10/11/2024,1210,-9999,-9999,250,syringe,169,6.92,5.3,-9999,15.9,0.17,0.33,10.4,75.3,-0.05,-9999,-9999,-0.05,-0.05,4,15,-0.2,0.2,0.01,-0.01,3,4,12.6,12.6,-0.007,-0.007,-0.01,-0.01,5190,5010,0.01,0.03,0.02,0.05,0.02,0.03,0.08,0.15,-0.1,-0.1,0.6,0.9,0.02,0.02,0.01,0.02,-0.01,-0.01,-7,10,-0.1,-0.1,0.01,0.02,-0.1,-0.1,-0.1,-0.1,-0.01,0.02,-0.01,-0.01,-0.01,-0.01,692,700,0.04,0.06,0.2,0.2,-0.1,-0.1,1160,1200,0.58,-0.01,0.6,0.6,23200,24300,0.02,0.04,0.07,0.07,0.2,0.3,-3,30,-0.09,0.09,0.02,0.02,0.2,0.2,-0.1,-0.1,-5000,5440,-0.9,-0.9,0.2,0.1,0.06,-0.04,6920,6150,-0.1,0.02,-0.06,0.08,39,39.2,-0.1,-0.1,-0.01,-0.01,-0.1,-0.1,-0.1,-0.1,-0.1,0.71,0.048,0.011,-0.01,0.01,0.019,0.02,0.05,0.09,-0.02,-0.02,0.11,0.15,0.01,0.01,-2,10,-2,-2
GG-250B,GG-0250,Stream,Field replicate of GG-250A,10/11/2024,1215,-9999,-9999,250,syringe,170,6.97,5.3,-9999,15.9,0.07,0.33,10,75.9,-0.05,-9999,-9999,-0.05,-0.05,5,16,-0.2,-0.2,0.01,-0.01,3,4,12.5,12.9,-0.007,-0.007,-0.01,-0.01,5210,4980,0.012,-0.003,0.03,0.05,0.022,0.02,-0.08,0.33,-0.1,-0.1,0.6,1.1,0.02,0.01,0.02,0.01,-0.01,-0.01,-7,10,-0.1,-0.1,0.02,0.01,-0.1,-0.1,-0.1,-0.1,0.01,0.02,-0.01,-0.01,-0.01,-0.01,711,700,0.05,0.06,0.2,0.2,-0.1,-0.1,1160,1220,0.63,-0.01,0.6,0.6,23800,24000,0.02,0.04,0.07,0.07,0.2,0.4,-3,10,-0.09,-0.09,0.02,0.02,0.2,0.2,-0.1,-0.1,-5000,5790,-0.9,-0.9,0.2,0.2,0.05,0.12,6810,6190,-0.1,0.02,-0.06,0.08,39.8,39.5,-0.1,-0.1,-0.01,-0.01,-0.1,-0.1,-0.1,-0.1,0.1,0.31,0.023,0.011,-0.01,-0.01,0.017,0.02,0.05,0.01,-0.02,0.02,0.12,0.1,0.01,0.01,-2,9,-2,-2
GG-295,GG-0295,Stream,-9999,10/11/2024,1205,-9999,-9999,295,syringe,151,6.78,5.1,-9999,14.4,0.07,0.34,9.9,63.8,-0.05,-9999,-9999,0.07,0.05,5,15,-0.2,-0.2,0.01,-0.01,3,4,16.2,15.4,0.01,0.01,-0.01,-0.01,6680,6390,0.01,0.01,0.02,0.07,0.019,0.05,-0.08,0.26,-0.1,-0.1,0.6,1,0.01,0.02,0.01,0.01,-0.01,0.01,7,20,-0.1,-0.1,0.02,0.02,-0.1,-0.1,-0.1,-0.1,-0.01,-0.01,-0.01,-0.01,-0.01,-0.01,788,750,0.05,0.09,0.2,0.2,-0.1,-0.1,1550,1570,0.83,1.37,0.5,0.6,16800,17200,0.03,0.05,0.07,0.09,0.3,0.6,-3,20,-0.09,0.22,0.02,0.02,0.2,0.4,-0.1,-0.1,-5000,5710,-0.9,-0.9,0.2,0.2,0.08,-0.04,6920,5930,-0.1,0.03,0.17,0.1,49.6,49.4,-0.1,-0.1,-0.01,-0.01,-0.1,-0.1,-0.1,-0.1,0.1,0.27,0.178,0.021,-0.01,-0.01,0.033,0.01,0.05,0.09,0.03,0.35,0.11,0.11,0.01,0.01,2,9,-2,-2
GG-350,GG-0350,Stream,-9999,10/11/2024,1145,-9999,-9999,350,syringe,124,6.56,4.9,-9999,16.7,0.1,0.34,24.9,17,-0.05,-9999,-9999,-0.05,-0.05,8,23,-0.2,-0.2,-0.01,-0.01,3,4,19.4,20.6,0.01,0.01,-0.01,-0.01,10700,10600,0.09,0.1,0.03,0.08,0.048,0.05,0.09,-0.08,-0.1,-0.1,0.5,1.2,0.02,0.03,0.01,0.01,-0.01,0.01,66,100,-0.1,-0.1,0.02,0.02,-0.1,0.1,-0.1,0.1,-0.01,0.01,-0.01,0.01,-0.01,-0.01,940,940,0.05,0.13,0.3,0.3,-0.1,-0.1,2460,2540,4.29,5.01,0.4,0.6,6870,7230,-0.01,0.15,0.07,0.1,1.2,1.6,-3,30,-0.09,0.16,0.01,0.03,0.2,0.2,-0.1,-0.1,9000,11200,-0.9,-0.9,0.2,0.6,0.05,0.1,7190,6630,-0.1,0.03,-0.06,0.11,70.8,74.2,-0.1,-0.1,-0.01,-0.01,-0.1,-0.1,-0.1,-0.1,-0.1,0.58,-0.005,0.011,-0.01,0.01,0.02,0.02,0.06,0.13,-0.02,0.03,0.11,0.18,0.02,0.01,24,34,-2,-2
GG-385,GG-0385,Stream,-9999,10/11/2024,1140,-9999,-9999,385,syringe,125,6.5,4.9,-9999,16.2,0.1,0.35,25.6,17.1,-0.05,-9999,-9999,-0.05,-0.05,7,24,-0.2,-0.2,-0.01,-0.01,3,4,19.8,20.4,0.01,0.02,-0.01,-0.01,11000,10600,0.088,0.1,0.03,0.07,0.064,0.08,-0.08,-0.08,-0.1,-0.1,0.5,1.1,0.01,0.03,0.01,0.02,-0.01,0.01,37,70,-0.1,-0.1,0.01,0.04,-0.1,-0.1,-0.1,0.2,-0.01,-0.01,-0.01,0.01,-0.01,-0.01,956,930,0.04,0.08,0.3,0.3,-0.1,-0.1,2490,2600,4.99,5.69,0.4,0.5,6970,7270,-0.01,0.22,0.06,0.11,1.2,1.3,-3,30,-0.09,0.15,0.01,0.03,0.2,0.2,-0.1,-0.1,9520,10900,-0.9,-0.9,0.2,1.7,-0.04,-0.04,7120,6750,-0.1,0.04,-0.06,0.14,71.1,72.1,-0.1,-0.1,-0.01,0.02,-0.1,-0.1,-0.1,-0.1,-0.1,0.81,0.005,0.011,-0.01,0.01,0.041,0.02,0.06,0.02,-0.02,0.11,0.1,0.16,0.01,0.02,24,36,-2,-2
GG-423,GG-0423,Stream,-9999,10/11/2024,1130,-9999,-9999,423,syringe,427,5.93,7.1,-9999,2.1,1.55,0.32,225,4.92,-0.05,2.28,2.28,-0.05,-0.05,492,1350,-0.2,0.2,-0.01,-0.01,3,4,16.5,16.7,0.5,0.59,-0.01,-0.01,53200,51700,2.74,2.91,5.48,5.95,33,32.9,-0.08,0.38,-0.1,-0.1,42.7,51.6,0.44,0.57,0.18,0.22,0.14,0.17,2290,3990,0.1,0.1,0.57,0.73,0.1,0.2,-0.1,-0.1,-0.01,-0.01,0.08,0.09,-0.01,-0.01,1680,1640,2.75,2.91,5.2,5.2,-0.1,-0.1,10000,10100,1580,1520,-0.4,1.9,8310,8690,-0.01,-0.01,2.6,2.98,24,24.6,-3,20,0.46,3.12,0.64,0.73,3.9,4,0.1,-0.1,64900,64900,-0.9,-0.9,0.4,0.5,-0.04,0.05,13300,12800,0.5,0.62,-0.06,0.09,280,282,-0.1,-0.1,0.09,0.12,-0.1,-0.1,-0.1,1,0.1,0.24,0.011,-0.005,0.02,0.02,3.17,4.73,-0.01,0.05,-0.02,1.46,2.28,2.42,0.14,0.18,668,717,-2,-2
GG-485,GG-0485,Stream,-9999,10/11/2024,1123,-9999,-9999,485,syringe,430,5.95,6.9,-9999,2.3,1.45,0.31,226,4.91,-0.05,-9999,-9999,-0.05,-0.05,468,1350,-0.2,0.3,-0.01,-0.01,3,4,17,17.3,0.49,0.61,-0.01,-0.01,52500,52200,2.57,2.88,5.3,5.79,32.1,33.1,-0.08,0.78,-0.1,-0.1,39.7,49.6,0.46,0.54,0.19,0.21,0.13,0.17,2070,3760,0.1,0.2,0.56,0.61,0.2,0.2,-0.1,-0.1,-0.01,-0.01,0.08,0.09,-0.01,-0.01,1640,1610,2.79,2.91,5.4,5,-0.1,-0.1,9410,10100,1530,1510,-0.4,1.6,8210,8660,-0.01,-0.01,2.55,2.89,23,25,-3,-3,0.17,3.18,0.64,0.71,3.8,3.3,0.1,0.2,63700,64900,-0.9,-0.9,0.4,0.5,-0.04,0.07,13200,12400,0.5,0.63,-0.06,0.35,275,288,-0.1,-0.1,0.09,0.11,-0.1,-0.1,-0.1,0.9,-0.1,0.21,0.027,0.011,0.02,0.02,2.86,4.86,-0.01,0.07,-0.02,1.46,2.32,2.5,0.15,0.2,665,723,-2,-2
GG-540,GG-0540,Stream,-9999,10/11/2024,1115,-9999,-9999,540,syringe,422,5.96,6.8,-9999,-1,1.37,0.32,220,4.82,-0.05,1.94,1.85,-0.05,-0.05,475,1360,-0.2,0.4,-0.01,-0.01,3,4,16.6,17.4,0.47,0.61,-0.01,-0.01,52300,53900,2.56,2.76,5.19,6.03,31.6,31.6,-0.08,0.31,-0.1,-0.1,38.7,48.9,0.44,0.52,0.2,0.24,0.13,0.14,1960,3440,0.1,0.2,0.54,0.59,0.2,0.4,-0.1,-0.1,-0.01,-0.01,0.08,0.1,-0.01,-0.01,1650,1610,2.75,3.48,5.1,4.9,-0.1,-0.1,9660,9710,1470,1470,-0.4,1.6,8210,8410,-0.01,-0.01,2.53,2.87,23,24.7,-3,30,0.16,2.8,0.63,0.73,3.7,3.6,0.1,-0.1,63600,65900,-0.9,-0.9,0.4,0.5,-0.04,-0.04,13000,12800,0.5,0.62,-0.06,0.11,270,290,-0.1,-0.1,0.09,0.1,-0.1,-0.1,-0.1,0.9,-0.1,0.67,0.056,0.021,0.02,0.03,2.81,4.28,-0.01,0.35,0.02,1.35,2.26,2.61,0.14,0.19,664,715,-2,-2
GG-599,GG-0599,Stream,-9999,10/11/2024,1110,-9999,-9999,599,syringe,423,5.92,6.7,-9999,2,1.39,0.32,225,4.71,-0.05,-9999,-9999,0.06,-0.05,526,1310,-0.2,0.2,-0.01,-0.01,3,4,17.4,18,0.49,0.62,-0.01,-0.01,52500,51100,2.68,2.61,5.06,5.52,30.7,30.5,-0.08,0.6,-0.1,-0.1,38.7,48.6,0.42,0.54,0.19,0.22,0.13,0.14,1800,3250,0.1,0.2,0.56,0.64,0.2,-0.1,-0.1,-0.1,-0.01,0.03,0.08,0.09,-0.01,-0.01,1690,1610,2.74,2.94,5.2,4.9,-0.1,-0.1,9890,9990,1470,1450,-0.4,1.5,8360,8370,0.01,-0.01,2.49,2.64,24,24.8,-3,-3,0.22,2.82,0.62,0.69,3.5,3.7,0.1,0.2,64600,65500,-0.9,-0.9,0.4,0.4,-0.04,0.05,13400,12000,0.5,0.51,0.07,0.23,274,285,-0.1,-0.1,0.09,0.09,-0.1,-0.1,-0.1,0.9,-0.1,0.41,0.169,0.032,0.02,0.03,2.78,3.99,0.01,0.06,0.02,1.31,2.34,2.64,0.15,0.19,667,719,-2,-2
GG-657,GG-0657,Stream,-9999,10/11/2024,1105,-9999,-9999,657,syringe,421,5.92,6.5,-9999,1.6,1.4,0.32,227,4.59,-0.05,-9999,-9999,-0.05,-0.05,538,1310,-0.2,0.3,-0.01,-0.01,3,4,16.9,16.8,0.48,0.69,-0.01,-0.01,53100,50700,2.63,2.75,4.92,5.33,30.6,30,-0.08,0.57,-0.1,-0.1,38.5,46.8,0.43,0.5,0.19,0.21,0.12,0.16,1730,3340,0.1,0.1,0.55,0.66,0.1,0.4,-0.1,-0.1,0.01,0.01,0.08,0.09,-0.01,-0.01,1720,1630,2.76,2.9,5.1,5.1,-0.1,-0.1,9760,10200,1480,1400,-0.4,1.4,8010,8250,0.01,0.01,2.35,2.7,24,24.6,-3,40,0.18,2.86,0.59,0.7,3.6,3.4,0.1,-0.1,65600,65800,-0.9,-0.9,0.4,0.5,-0.04,-0.04,12800,12100,0.4,0.49,-0.06,0.16,281,286,-0.1,-0.1,0.09,0.09,-0.1,-0.1,-0.1,0.9,-0.1,0.75,0.007,0.011,0.02,0.03,2.58,3.93,-0.01,0.06,-0.02,1.35,2.4,2.49,0.14,0.14,676,710,-2,-2
GG-770,GG-0770,Stream,-9999,10/11/2024,1053,-9999,-9999,770,syringe,423,5.82,6.2,-9999,-1,1.4,0.33,229,4.53,-0.05,1.53,1.5,-0.05,-0.05,543,1490,-0.2,0.3,-0.01,-0.01,3,5,17.1,16.7,0.47,0.62,-0.01,-0.01,52800,49800,2.69,2.61,4.67,5.31,29.4,29.2,-0.08,0.49,-0.1,-0.1,36.2,47,0.4,0.5,0.19,0.21,0.11,0.17,1490,4430,-0.1,0.2,0.5,0.63,0.1,0.2,-0.1,-0.1,-0.01,0.02,0.07,0.1,-0.01,-0.01,1690,1640,2.73,2.92,5.2,4.7,-0.1,-0.1,9870,10100,1410,1370,-0.4,1.8,8020,8230,0.01,-0.01,2.29,2.71,24,23.2,-3,10,0.13,3.75,0.57,0.69,3.5,3.6,0.1,-0.1,63400,65200,-0.9,-0.9,0.4,0.5,-0.04,-0.04,13000,12000,0.4,0.58,-0.06,-0.06,280,276,-0.1,-0.1,0.08,0.1,-0.1,-0.1,-0.1,1.3,-0.1,1.76,0.009,0.011,0.02,0.03,2.26,4.31,-0.01,0.1,-0.02,1.74,2.3,2.68,0.13,0.21,672,696,-2,-2
GG-860,GG-0860,Stream,-9999,10/11/2024,1045,-9999,-9999,860,syringe,426,5.83,6.1,-9999,2.2,1.35,0.33,229,4.43,-0.05,-9999,-9999,-0.05,-0.05,589,1260,-0.2,0.4,-0.01,-0.01,3,5,17.6,18.1,0.49,0.61,-0.01,-0.01,52600,50100,2.69,2.81,4.87,5.24,29.2,29.2,-0.08,2.17,-0.1,-0.1,38.2,45.7,0.44,0.5,0.2,0.26,0.12,0.11,1420,2830,0.1,0.1,0.53,0.62,0.1,0.2,-0.1,-0.1,-0.01,0.01,0.08,0.08,-0.01,-0.01,1690,1610,2.78,2.84,5.2,4.8,-0.1,-0.1,10000,10200,1390,1360,-0.4,1.3,8030,8420,0.01,0.01,2.46,2.52,24,24.6,-3,30,0.21,2.51,0.6,0.62,3.5,3.3,0.1,-0.1,63900,65800,-0.9,-0.9,0.4,0.5,-0.04,-0.04,13300,12500,0.5,0.56,-0.06,0.1,279,280,-0.1,-0.1,0.09,0.08,-0.1,-0.1,-0.1,0.8,-0.1,0.34,0.007,0.011,0.02,0.02,2.47,3.71,-0.01,0.03,0.02,1.16,2.42,2.41,0.14,0.18,670,705,-2,-2
GG-953A,GG-0953,Stream,-9999,10/11/2024,1038,-9999,-9999,953,syringe,430,5.84,5.8,-9999,2,1.33,0.32,230,4.41,-0.05,1.34,1.33,-0.05,-0.05,609,1280,-0.2,0.2,-0.01,-0.01,3,6,17.4,18.5,0.46,0.63,-0.01,-0.01,52800,51200,2.58,2.68,4.81,5.2,29,28.6,-0.08,0.82,-0.1,-0.1,38.4,44.6,0.44,0.46,0.19,0.2,0.12,0.16,1360,2650,-0.1,0.2,0.53,0.62,0.2,0.3,-0.1,-0.1,-0.01,0.02,0.08,0.09,-0.01,-0.01,1680,1670,2.78,2.79,5.2,4.8,-0.1,-0.1,9820,10300,1430,1340,-0.4,1.4,8040,8580,0.02,0.02,2.4,2.6,24,24.8,-3,-3,0.22,2.24,0.59,0.64,3.5,3.5,0.1,-0.1,64100,63300,-0.9,-0.9,0.4,0.4,-0.04,0.05,13000,12300,0.4,0.52,-0.06,0.06,285,281,-0.1,-0.1,0.08,0.09,-0.1,-0.1,-0.1,0.7,-0.1,3.27,0.013,0.011,0.03,0.03,2.5,3.45,-0.01,0.11,0.02,1.07,2.4,2.44,0.14,0.19,673,698,-2,-2
GG-953B,GG-0953,Stream,Field replicate of GG-953A,10/11/2024,1040,-9999,-9999,953,syringe,426,5.82,5.8,-9999,2,1.32,0.33,229,4.34,-0.05,1.35,1.37,-0.05,-0.05,616,1270,-0.2,-0.2,-0.01,-0.01,3,5,16.9,18.4,0.48,0.53,-0.01,-0.01,52900,51300,2.56,2.63,4.85,5.19,28.5,28.8,-0.08,0.2,-0.1,-0.1,37.7,44.8,0.44,0.46,0.2,0.21,0.12,0.14,1340,2680,0.1,-0.1,0.55,0.64,0.1,0.1,-0.1,-0.1,-0.01,0.02,0.08,0.08,-0.01,-0.01,1700,1630,2.8,2.93,5.2,4.9,-0.1,-0.1,9790,9990,1410,1360,-0.4,1.1,7990,8330,0.02,0.01,2.44,2.62,24,24.4,-3,20,0.23,2.4,0.61,0.67,3.5,3.3,0.1,0.2,65000,66700,-0.9,-0.9,0.4,0.4,-0.04,0.05,13200,12600,0.5,0.49,-0.06,0.06,283,285,-0.1,-0.1,0.09,0.09,-0.1,-0.1,-0.1,0.8,0.1,0.41,0.006,0.011,0.02,0.02,2.44,3.66,-0.01,-0.01,-0.02,1.1,2.42,2.59,0.15,0.18,671,702,-2,-2
GG-WP210,GG-1038,Stream,-9999,10/11/2024,1030,-9999,-9999,1038,syringe,425,5.84,5.5,-9999,1.9,1.18,0.33,220,3.96,-0.05,-9999,-9999,-0.05,-0.05,638,1220,-0.2,0.2,-0.01,-0.01,3,7,18.9,19.4,0.46,0.55,-0.01,-0.01,52100,51700,2.56,2.66,4.44,4.74,26.4,27.5,-0.08,0.13,-0.1,-0.1,36.1,44,0.42,0.49,0.19,0.2,0.11,0.12,1130,2450,-0.1,0.1,0.52,0.59,0.2,0.1,-0.1,-0.1,-0.01,0.02,0.08,0.08,-0.01,-0.01,1680,1690,2.68,2.77,4.9,4.7,-0.1,-0.1,9890,10500,1330,1310,-0.4,1.1,8000,8340,0.02,0.03,2.23,2.44,23,24.8,-3,40,0.26,2.1,0.56,0.61,3.4,3.1,0.1,-0.1,63500,67200,-0.9,1,0.4,0.5,-0.04,-0.04,13000,12300,0.4,0.48,-0.06,0.07,279,284,-0.1,-0.1,0.08,0.09,-0.1,-0.1,-0.1,0.7,-0.1,0.38,0.012,-0.005,0.02,0.02,2.34,3.37,-0.01,0.04,-0.02,1.05,2.34,2.46,0.14,0.14,642,697,-2,-2
GG-WP237,GG-1311,Stream,-9999,10/11/2024,1020,-9999,-9999,1311,syringe,420,5.98,5.2,-9999,-1,1.18,0.34,217,3.5,-0.05,-9999,-9999,-0.05,-0.05,695,1020,-0.2,-0.2,-0.01,-0.01,3,8,20,18.7,0.46,0.55,-0.01,-0.01,48900,45100,2.42,2.58,3.87,3.89,22.7,22.1,-0.08,0.26,-0.1,-0.1,32.6,35.2,0.38,0.32,0.17,0.17,0.1,0.11,499,1430,-0.1,-0.1,0.47,0.45,0.1,0.2,-0.1,-0.1,-0.01,0.01,0.07,0.07,-0.01,-0.01,1620,1510,2.44,2.34,4.7,4,-0.1,-0.1,9610,8910,1110,1060,-0.4,0.7,7460,7440,0.03,0.04,1.98,2.08,21,20.2,-3,20,0.25,1.51,0.51,0.51,3,2.7,0.1,-0.1,59900,58000,-0.9,2.2,0.4,0.2,-0.04,-0.04,12600,10900,0.4,0.41,-0.06,0.07,264,252,-0.1,-0.1,0.07,0.08,-0.1,-0.1,-0.1,0.4,-0.1,0.41,0.018,0.011,0.02,0.02,1.96,2.4,-0.01,0.06,0.02,0.71,2.23,2.08,0.13,0.14,591,599,-2,-2
PG24-BLK1,-9999,-9999,Field blank,7/30/2024,1630,-9999,-9999,-9999,capsule,-9999,-9999,-9999,-9999,-9999,-0.005,0.076,0.067,-0.005,0.007,-9999,-9999,-0.05,-0.05,-1,2,-0.2,-0.2,-0.01,-0.01,-2,-2,-0.08,0.09,-0.007,-0.007,-0.01,-0.01,19,33,0.033,0.022,-0.01,0.01,0.026,0.006,-0.08,-0.08,-0.1,-0.1,1.2,0.7,-0.01,-0.01,-0.01,-0.01,-0.01,-0.01,-7,18,-0.1,-0.1,-0.01,-0.01,-0.1,-0.1,-0.1,-0.1,-0.01,-0.01,-0.01,-0.01,-0.01,-0.01,9,11,-0.01,-0.01,0.1,-0.1,-0.1,-0.1,3,2,1.04,0.54,-0.4,-0.4,14,10,-0.01,-0.01,-0.01,-0.01,0.1,0.2,-3,-3,12.9,11,-0.01,-0.01,-0.1,-0.1,-0.1,-0.1,-5000,-5000,-0.9,-0.9,-0.1,-0.1,-0.04,-0.04,27,-20,-0.1,-0.01,-0.06,-0.06,-0.08,-0.08,-0.1,-0.1,-0.01,-0.01,-0.1,-0.1,-0.1,-0.1,-0.1,0.05,-0.005,-0.005,-0.01,-0.01,0.021,0.021,-0.01,-0.01,-0.02,-0.02,-0.02,-0.02,-0.01,-0.01,8,5,-2,-2
PG24-BLK2,-9999,-9999,Field blank,7/30/2024,1630,-9999,-9999,-9999,syringe,-9999,-9999,-9999,-9999,-9999,-9999,-9999,-9999,-9999,-9999,-9999,-9999,-0.05,-9999,-1,-9999,-0.2,-9999,-0.01,-9999,-2,-9999,-0.08,-9999,-0.007,-9999,-0.01,-9999,-10,-9999,-0.003,-9999,-0.01,-9999,0.004,-9999,-0.08,-9999,-0.1,-9999,-0.2,-9999,-0.01,-9999,-0.01,-9999,-0.01,-9999,-7,-9999,-0.1,-9999,-0.01,-9999,-0.1,-9999,-0.1,-9999,-0.01,-9999,-0.01,-9999,-0.01,-9999,-9,-9999,-0.01,-9999,-0.1,-9999,-0.1,-9999,1,-9999,0.35,-9999,-0.4,-9999,-10,-9999,-0.01,-9999,-0.01,-9999,-0.1,-9999,-3,-9999,-0.09,-9999,-0.01,-9999,-0.1,-9999,-0.1,-9999,-5000,-9999,-0.9,-9999,-0.1,-9999,-0.04,-9999,-20,-9999,-0.1,-9999,-0.06,-9999,-0.08,-9999,-0.1,-9999,-0.01,-9999,-0.1,-9999,-0.1,-9999,-0.1,-9999,-0.005,-9999,-0.01,-9999,0.003,-9999,0.02,-9999,-0.02,-9999,-0.02,-9999,-0.01,-9999,-2,-9999,-2,-9999
GG-0001,-9999,-9999,Field blank,10/11/2024,1000,-9999,-9999,-9999,syringe,-9999,-9999,-9999,-9999,3.1,-0.05,0.1,-0.1,-0.05,-0.05,-9999,-9999,-0.05,-0.05,-1,40,-0.2,-0.2,-0.01,-0.01,-2,11,-0.08,0.34,-0.007,0.01,-0.01,-0.01,-10,-10,-0.003,-0.003,-0.01,0.01,-0.004,0.03,-0.08,0.19,-0.1,-0.1,-0.1,0.5,-0.01,-0.01,-0.01,-0.01,-0.01,-0.01,-7,10,-0.1,-0.1,-0.01,-0.01,-0.1,0.1,-0.1,-0.1,-0.01,-0.01,-0.01,-0.01,-0.01,-0.01,-9,-9,-0.01,-0.01,-0.1,-0.1,-0.1,-0.1,-1,10,-0.01,-0.01,-0.4,-0.4,-10,-10,0.04,0.01,-0.01,-0.01,-0.1,0.1,-3,20,-0.09,0.1,-0.01,-0.01,-0.1,0.1,-0.1,-0.1,-5000,-5000,-0.9,-0.9,-0.1,-0.1,-0.04,-0.04,-20,-20,-0.1,0.01,-0.06,0.11,-0.08,0.22,-0.1,-0.1,-0.01,-0.01,-0.1,-0.1,-0.1,-0.1,-0.1,0.14,0.008,0.011,-0.01,-0.01,0.003,-0.002,-0.01,0.02,0.03,0.09,-0.02,-0.02,-0.01,-0.01,-2,7,-2,-2
